"","game_id","home","away","home_score","away_score","result","away_moneyline","home_moneyline","away_rest","home_rest","total","away_spread_odds","home_spread_odds","total_line","under_odds","over_odds","referee","home_qb_name","away_qb_name","overtime","day","home_team","away_team","away_pts","away_pts_allowed","away_yds","away_yds_allowed","home_pts","home_pts_allowed","home_yds","home_yds_allowed","home_perf","away_perf","pred_spread","pred_home_yds","pred_away_yds","pred_diff_yds","pred_total","home_yds_per_pt","away_yds_per_pt","home_yds_allowed_per_pt","away_yds_allowed_per_pt","winner","spread"
"1","2021_01_ARI_TEN","TEN","ARI",13,38,-25,131,-146,7,7,51,105,-116,54,-103,-108,"Jerome Boger","Ryan Tannehill","Kyler Murray",0,"Sun","Arizona Cardinals","Tennessee Titans",26.3,25.4,367.8,364,22.8,29,351,391.1,24.1,27.65,-3.55,357.5,379.45,-21.95,51.75,15.3947368421053,13.9847908745247,17.1535087719298,13.8403041825095,"ARI",-2.5
"2","2021_01_BAL_LV","LV","BAL",33,27,6,-167,149,7,7,60,-116,105,50.5,-111,-100,"Shawn Smith","Derek Carr","Lamar Jackson",1,"Mon","Baltimore Ravens","Las Vegas Raiders",21.4,25.9,367.2,353.5,25.6,19,398.8,329.5,25.75,20.2,5.55,376.15,348.35,27.8,45.95,15.578125,17.1588785046729,12.87109375,16.518691588785,"LV",3
"3","2021_01_CHI_LA","LA","CHI",34,14,20,324,-387,7,7,48,-108,-102,46,-107,-104,"Brad Allen","Matthew Stafford","Andy Dalton",0,"Sun","Chicago Bears","Los Angeles Rams",27.7,23.3,382.3,355,19.1,22.7,310.1,322.2,21.2,25.2,-4,332.55,352.25,-19.7,46.4,16.2356020942408,13.8014440433213,16.869109947644,12.8158844765343,"LA",-9.5
"4","2021_01_CLE_KC","KC","CLE",33,29,4,211,-241,7,7,62,-101,-110,54.5,-107,-105,"Bill Vinovich","Patrick Mahomes","Baker Mayfield",0,"Sun","Cleveland Browns","Kansas City Chiefs",30.6,25.3,440.6,353.9,18.9,24.3,332.9,354.7,22.1,27.45,-5.35,343.4,397.65,-54.25,49.55,17.6137566137566,14.3986928104575,18.7671957671958,11.5653594771242,"KC",-5.5
"5","2021_01_DAL_TB","TB","DAL",31,29,2,351,-425,7,7,60,-121,110,52.5,-108,-103,"Shawn Hochuli","Tom Brady","Dak Prescott",0,"Thu","Dallas Cowboys","Tampa Bay Buccaneers",27.2,24,395.8,317,34.2,17.9,399,314.6,29.1,22.55,6.55,358,355.2,2.79999999999995,51.65,11.6666666666667,14.5514705882353,9.19883040935673,11.6544117647059,"TB",-10
"6","2021_01_DEN_NYG","NYG","DEN",13,27,-14,-139,125,7,7,40,109,-120,41.5,-105,-106,"Ron Torbert","Daniel Jones","Teddy Bridgewater",0,"Sun","Denver Broncos","New York Giants",16.2,29.4,296.8,363.8,20.8,17.2,323.9,317.5,25.1,16.7,8.4,343.85,307.15,36.7,41.8,15.5721153846154,18.320987654321,15.2644230769231,22.4567901234568,"DEN",3
"7","2021_01_GB_NO","NO","GB",38,3,35,-181,162,7,7,41,103,-114,49,-110,-102,"Carl Cheffers","Jameis Winston","Aaron Rodgers",0,"Sun","Green Bay Packers","New Orleans Saints",23.8,16.6,299.6,346.4,28.3,23.2,364.4,321.2,22.45,23.5,-1.05,355.4,310.4,45,45.95,12.8763250883392,12.5882352941176,11.3498233215548,14.5546218487395,"NO",4
"8","2021_01_JAX_HOU","HOU","JAX",37,21,16,-172,154,7,7,58,103,-113,45.5,-107,-104,"Land Clark","Tyrod Taylor","Trevor Lawrence",0,"Sun","Jacksonville Jaguars","Houston Texans",12.1,23.4,236.1,377.9,15.8,16.6,299.1,327.6,19.6,14.35,5.25,338.5,281.85,56.65,33.95,18.9303797468354,19.5123966942149,20.7341772151899,31.2314049586777,"HOU",3.5
"9","2021_01_LAC_WAS","WAS","LAC",16,20,-4,117,-129,7,7,36,-109,-101,45.5,-115,103,"Alex Kemp","Ryan Fitzpatrick","Justin Herbert",0,"Sun","Los Angeles Chargers","Washington Commanders",19.1,26.7,328.9,306.7,30.7,26.1,403.1,349.8,28.7,22.6,6.1,354.9,339.35,15.55,51.3,13.1302931596091,17.2198952879581,11.3941368078176,16.0575916230366,"LAC",-2.5
"10","2021_01_MIA_NE","NE","MIA",16,17,-1,155,-173,7,7,33,-113,102,43.5,-114,103,"Clete Blakeman","Mac Jones","Tua Tagovailoa",0,"Sun","Miami Dolphins","New England Patriots",22,19.4,315,341.3,22.3,19.8,303.7,308.3,20.85,20.9,-0.0499999999999972,322.5,311.65,10.85,41.75,13.6188340807175,14.3181818181818,13.8251121076233,15.5136363636364,"MIA",-3.5
"11","2021_01_MIN_CIN","CIN","MIN",27,24,3,-135,122,7,7,51,109,-120,47,102,-114,"Adrian Hill","Joe Burrow","Kirk Cousins",1,"Sun","Minnesota Vikings","Cincinnati Bengals",25.1,22.1,316.4,360.6,24.5,21.8,366,393.3,23.3,23.45,-0.150000000000002,363.3,354.85,8.44999999999999,46.75,14.9387755102041,12.605577689243,16.0530612244898,14.3665338645418,"CIN",3
"12","2021_01_NYJ_CAR","CAR","NYJ",19,14,5,164,-184,7,7,33,-108,-102,44.5,-107,-104,"Clay Martin","Sam Darnold","Zach Wilson",0,"Sun","New York Jets","Carolina Panthers",17.7,26.5,288.9,348.3,19.8,29,359.1,299.3,23.15,23.35,-0.200000000000003,353.7,294.1,59.6,46.5,18.1363636363636,16.3220338983051,15.1161616161616,19.6779661016949,"CAR",-3.5
"13","2021_01_PHI_ATL","ATL","PHI",6,32,-26,161,-180,7,7,38,-109,-101,49,-108,-103,"Scott Novak","Matt Ryan","Jalen Hurts",0,"Sun","Philadelphia Eagles","Atlanta Falcons",20.7,25.7,326.1,393.5,26.8,27.6,358.9,283,26.25,24.15,2.1,376.2,304.55,71.65,50.4,13.3917910447761,15.7536231884058,10.5597014925373,19.0096618357488,"PHI",-3.5
"14","2021_01_PIT_BUF","BUF","PIT",16,23,-7,232,-267,7,7,39,-110,-100,48,-114,103,"John Hussey","Josh Allen","Ben Roethlisberger",0,"Sun","Pittsburgh Steelers","Buffalo Bills",31.3,18.6,403.8,301.5,20.8,19.8,318.2,321.8,19.7,25.55,-5.85,309.85,362.8,-52.95,45.25,15.2980769230769,12.9009584664537,15.4711538461538,9.63258785942492,"PIT",-6.5
"15","2021_01_SEA_IND","IND","SEA",16,28,-12,-146,132,7,7,44,106,-117,49,-105,-106,"Tony Corrente","Carson Wentz","Russell Wilson",0,"Sun","Seattle Seahawks","Indianapolis Colts",25.4,24.6,345,308,25.8,22.4,327.5,377.2,25.2,23.9,1.3,317.75,361.1,-43.35,49.1,12.6937984496124,13.5826771653543,14.6201550387597,12.1259842519685,"SEA",3
"16","2021_01_SF_DET","DET","SF",33,41,-8,-415,344,7,7,74,-105,-105,46,-103,-108,"Brad Rogers","Jared Goff","Jimmy Garoppolo",0,"Sun","San Francisco 49ers","Detroit Lions",16.4,25.8,328.9,377.6,25.4,21.9,367.9,304.3,25.6,19.15,6.45,372.75,316.6,56.15,44.75,14.4842519685039,20.0548780487805,11.9803149606299,23.0243902439024,"SF",9.5
"17","2021_02_ATL_TB","TB","ATL",48,25,23,582,-772,7,10,73,-108,-102,52,-103,-108,"Carl Cheffers","Tom Brady","Matt Ryan",0,"Sun","Atlanta Falcons","Tampa Bay Buccaneers",27.2,24,395.8,317,15.1,22.6,271.9,369.6,19.55,24.9,-5.35,294.45,382.7,-88.2500000000001,44.45,18.0066225165563,14.5514705882353,24.476821192053,11.6544117647059,"TB",-13.5
"18","2021_02_BUF_MIA","MIA","BUF",0,35,-35,-179,160,7,7,35,103,-113,48,-103,-109,"Craig Wrolstad","Tua Tagovailoa","Josh Allen",0,"Sun","Buffalo Bills","Miami Dolphins",17.5,24.4,310.8,387.1,28.4,14.4,376.3,347.8,26.4,15.95,10.45,381.7,329.3,52.4,42.35,13.25,17.76,12.2464788732394,22.12,"BUF",3.5
"19","2021_02_CIN_CHI","CHI","CIN",20,17,3,114,-126,7,7,37,-105,-105,44.5,-107,-104,"Land Clark","Andy Dalton","Joe Burrow",0,"Sun","Cincinnati Bengals","Chicago Bears",17.6,28.1,304.9,374.9,27.6,18.3,398.2,296.7,27.85,17.95,9.9,386.55,300.8,85.75,45.8,14.4275362318841,17.3238636363636,10.75,21.3011363636364,"CHI",-2
"20","2021_02_DAL_LAC","LAC","DAL",17,20,-3,135,-150,10,7,37,-109,-101,55,-101,-110,"Tony Corrente","Justin Herbert","Dak Prescott",0,"Sun","Dallas Cowboys","Los Angeles Chargers",24.8,28,375.8,368.6,34.2,17.9,399,314.6,31.1,21.35,9.75,383.8,345.2,38.6,52.45,11.6666666666667,15.1532258064516,9.19883040935673,14.8629032258065,"DAL",-3
"21","2021_02_DEN_JAX","JAX","DEN",13,23,-10,-241,211,7,7,36,104,-115,45,-107,-104,"Clay Martin","Trevor Lawrence","Teddy Bridgewater",0,"Sun","Denver Broncos","Jacksonville Jaguars",14.1,26.4,310.9,394.4,20.8,17.2,323.9,317.5,23.6,15.65,7.95,359.15,314.2,44.95,39.25,15.5721153846154,22.0496453900709,15.2644230769231,27.9716312056738,"DEN",6
"22","2021_02_DET_GB","GB","DET",35,17,18,400,-494,8,8,52,-112,102,49.5,-101,-110,"Adrian Hill","Aaron Rodgers","Jared Goff",0,"Mon","Detroit Lions","Green Bay Packers",22.8,23.3,355,364.3,22.1,27.3,315.5,419.3,22.7,25.05,-2.35,339.9,387.15,-47.25,47.75,14.2760180995475,15.5701754385965,18.972850678733,15.9780701754386,"GB",-11.5
"23","2021_02_HOU_CLE","CLE","HOU",31,21,10,521,-675,7,7,52,-103,-107,48.5,103,-115,"Brad Rogers","Baker Mayfield","Tyrod Taylor",0,"Sun","Houston Texans","Cleveland Browns",22.4,25.3,349.4,334.6,20.3,25,315.3,383,22.8,23.7,-0.899999999999999,324.95,366.2,-41.2499999999999,46.5,15.5320197044335,15.5982142857143,18.8669950738916,14.9375,"CLE",-13.5
"24","2021_02_KC_BAL","BAL","KC",36,35,1,-171,153,7,6,71,107,-118,53.5,-110,-101,"Clete Blakeman","Lamar Jackson","Patrick Mahomes",0,"Sun","Kansas City Chiefs","Baltimore Ravens",19.6,19.4,356.4,331.1,28.6,20.2,385.5,327.3,24,19.9,4.1,358.3,341.85,16.45,43.9,13.479020979021,18.1836734693878,11.4440559440559,16.8928571428571,"BAL",3.5
"25","2021_02_LA_IND","IND","LA",24,27,-3,-205,182,7,7,51,-110,-100,48,-115,103,"Shawn Smith","Carson Wentz","Matthew Stafford",0,"Sun","Los Angeles Rams","Indianapolis Colts",25.4,24.6,345,308,26.4,19.5,364.9,315.3,25.5,22.45,3.05,336.45,330.15,6.30000000000001,47.95,13.8219696969697,13.5826771653543,11.9431818181818,12.1259842519685,"LA",4
"26","2021_02_LV_PIT","PIT","LV",17,26,-9,201,-228,6,7,43,-109,-102,46.5,104,-116,"Jerome Boger","Ben Roethlisberger","Derek Carr",0,"Sun","Las Vegas Raiders","Pittsburgh Steelers",19.7,29.1,306,389.9,22.2,25.8,362.7,383.4,25.65,22.75,2.9,376.3,344.7,31.6,48.4,16.3378378378378,15.5329949238579,17.2702702702703,19.7918781725888,"LV",-5.5
"27","2021_02_MIN_ARI","ARI","MIN",34,33,1,170,-191,7,7,67,-111,101,51,-111,-101,"Bill Vinovich","Kyler Murray","Kirk Cousins",0,"Sun","Minnesota Vikings","Arizona Cardinals",27.8,24.5,372.7,310.7,24.5,21.8,366,393.3,24.5,24.8,-0.300000000000001,338.35,383,-44.65,49.3,14.9387755102041,13.4064748201439,16.0530612244898,11.1762589928058,"ARI",-4
"28","2021_02_NE_NYJ","NYJ","NE",6,25,-19,-235,207,7,7,31,-105,-105,43,102,-113,"Shawn Hochuli","Zach Wilson","Mac Jones",0,"Sun","New England Patriots","New York Jets",16.5,30.4,247,302.9,31.2,19.4,386.4,279.2,30.8,17.95,12.85,344.65,263.1,81.55,48.75,12.3846153846154,14.969696969697,8.94871794871795,18.3575757575758,"NE",5.5
"29","2021_02_NO_CAR","CAR","NO",26,7,19,-145,131,7,7,33,102,-113,45,-106,-105,"Ron Torbert","Sam Darnold","Jameis Winston",0,"Sun","New Orleans Saints","Carolina Panthers",17.7,26.5,288.9,348.3,18,24.1,311.6,307,22.25,20.9,1.35,329.95,297.95,32.0000000000001,43.15,17.3111111111111,16.3220338983051,17.0555555555556,19.6779661016949,"CAR",3
"30","2021_02_NYG_WAS","WAS","NYG",30,29,1,176,-198,4,4,59,-103,-107,42,-112,100,"Scott Novak","Taylor Heinicke","Daniel Jones",0,"Thu","New York Giants","Washington Commanders",19.1,26.7,328.9,306.7,14,18.9,276.6,367,20.35,19,1.35,291.65,347.95,-56.3,39.35,19.7571428571429,17.2198952879581,26.2142857142857,16.0575916230366,"WAS",-4
"31","2021_02_SF_PHI","PHI","SF",11,17,-6,-144,130,7,7,28,104,-115,49,-109,-102,"Brad Allen","Jalen Hurts","Jimmy Garoppolo",0,"Sun","San Francisco 49ers","Philadelphia Eagles",24.5,19.5,358.7,313.3,25.4,21.9,367.9,304.3,22.45,23.2,-0.75,340.6,331.5,9.10000000000002,45.65,14.4842519685039,14.6408163265306,11.9803149606299,12.7877551020408,"SF",3
"32","2021_02_TEN_SEA","SEA","TEN",30,33,-3,247,-286,7,7,63,-100,-110,53.5,-102,-109,"John Hussey","Russell Wilson","Ryan Tannehill",1,"Sun","Tennessee Titans","Seattle Seahawks",21,20.8,320.7,380,22.5,17,323.3,366.2,21.65,19,2.65,351.65,343.45,8.19999999999999,40.65,14.3688888888889,15.2714285714286,16.2755555555556,18.0952380952381,"TEN",-6.5
"33","2021_03_ARI_JAX","JAX","ARI",19,31,-12,-360,304,7,7,50,-101,-110,51.5,-104,-107,"Shawn Smith","Trevor Lawrence","Kyler Murray",0,"Sun","Arizona Cardinals","Jacksonville Jaguars",14.1,26.4,310.9,394.4,22.8,29,351,391.1,24.6,21.55,3.05,372.7,351,21.7,46.15,15.3947368421053,22.0496453900709,17.1535087719298,27.9716312056738,"ARI",8
"34","2021_03_ATL_NYG","NYG","ATL",14,17,-3,129,-143,7,10,31,-115,105,48,-110,-101,"Adrian Hill","Daniel Jones","Matt Ryan",0,"Sun","Atlanta Falcons","New York Giants",16.2,29.4,296.8,363.8,15.1,22.6,271.9,369.6,22.25,19.4,2.85,317.85,333.2,-15.35,41.65,18.0066225165563,18.320987654321,24.476821192053,22.4567901234568,"ATL",-3
"35","2021_03_BAL_DET","DET","BAL",17,19,-2,-344,292,7,6,36,-100,-110,51,-105,-106,"Scott Novak","Jared Goff","Lamar Jackson",0,"Sun","Baltimore Ravens","Detroit Lions",16.4,25.8,328.9,377.6,25.6,19,398.8,329.5,25.7,17.7,8,388.2,329.2,59.0000000000001,43.4,15.578125,20.0548780487805,12.87109375,23.0243902439024,"BAL",7.5
"36","2021_03_CAR_HOU","HOU","CAR",9,24,-15,-420,348,4,4,33,-115,104,43,-101,-110,"Alex Kemp","Davis Mills","Sam Darnold",0,"Thu","Carolina Panthers","Houston Texans",12.1,23.4,236.1,377.9,18.1,18.7,310.1,339.3,20.75,15.4,5.35,344,287.7,56.3,36.15,17.1325966850829,19.5123966942149,18.7458563535912,31.2314049586777,"CAR",8
"37","2021_03_CHI_CLE","CLE","CHI",26,6,20,315,-375,7,7,32,-102,-108,45,-106,-105,"Ron Torbert","Baker Mayfield","Justin Fields",0,"Sun","Chicago Bears","Cleveland Browns",22.4,25.3,349.4,334.6,19.1,22.7,310.1,322.2,22.2,22.55,-0.349999999999994,322.35,335.8,-13.4499999999999,44.75,16.2356020942408,15.5982142857143,16.869109947644,14.9375,"CLE",-7.5
"38","2021_03_CIN_PIT","PIT","CIN",10,24,-14,126,-140,7,7,34,103,-114,42.5,-112,101,"Clete Blakeman","Ben Roethlisberger","Joe Burrow",0,"Sun","Cincinnati Bengals","Pittsburgh Steelers",19.7,29.1,306,389.9,27.6,18.3,398.2,296.7,28.35,19,9.35,394.05,301.35,92.6999999999999,47.35,14.4275362318841,15.5329949238579,10.75,19.7918781725888,"CIN",-2.5
"39","2021_03_GB_SF","SF","GB",28,30,-2,160,-179,6,7,58,-113,103,50.5,-103,-108,"Jerome Boger","Jimmy Garoppolo","Aaron Rodgers",0,"Sun","Green Bay Packers","San Francisco 49ers",23.1,19.8,356.6,266.5,28.3,23.2,364.4,321.2,24.05,23.15,0.900000000000002,315.45,338.9,-23.45,47.2,12.8763250883392,15.4372294372294,11.3498233215548,11.5367965367965,"GB",-3.5
"40","2021_03_IND_TEN","TEN","IND",25,16,9,175,-196,7,7,41,-113,103,47,-104,-107,"Bill Vinovich","Ryan Tannehill","Carson Wentz",0,"Sun","Indianapolis Colts","Tennessee Titans",26.3,25.4,367.8,364,27.6,21,349,322.7,26.5,23.65,2.85,356.5,345.25,11.25,50.15,12.6449275362319,13.9847908745247,11.6920289855072,13.8403041825095,"TEN",-4.5
"41","2021_03_LAC_KC","KC","LAC",24,30,-6,237,-273,7,7,54,-100,-110,55,-108,-103,"Shawn Hochuli","Patrick Mahomes","Justin Herbert",0,"Sun","Los Angeles Chargers","Kansas City Chiefs",30.6,25.3,440.6,353.9,30.7,26.1,403.1,349.8,28,28.35,-0.350000000000001,378.5,395.2,-16.7,56.35,13.1302931596091,14.3986928104575,11.3941368078176,11.5653594771242,"LAC",-6.5
"42","2021_03_MIA_LV","LV","MIA",31,28,3,173,-194,7,7,59,-107,-103,45,-100,-111,"Carl Cheffers","Derek Carr","Jacoby Brissett",1,"Sun","Miami Dolphins","Las Vegas Raiders",21.4,25.9,367.2,353.5,22.3,19.8,303.7,308.3,24.1,20.6,3.5,328.6,337.75,-9.14999999999998,44.7,13.6188340807175,17.1588785046729,13.8251121076233,16.518691588785,"LV",-4
"43","2021_03_NO_NE","NE","NO",13,28,-15,130,-144,7,7,41,-117,106,44,-114,102,"John Hussey","Mac Jones","Jameis Winston",0,"Sun","New Orleans Saints","New England Patriots",22,19.4,315,341.3,18,24.1,311.6,307,18.7,23.05,-4.35,326.45,311,15.45,41.75,17.3111111111111,14.3181818181818,17.0555555555556,15.5136363636364,"NO",-3
"44","2021_03_NYJ_DEN","DEN","NYJ",26,0,26,470,-597,7,7,26,-109,-101,42,-107,-104,"Land Clark","Teddy Bridgewater","Zach Wilson",0,"Sun","New York Jets","Denver Broncos",18.5,19.3,337.9,311.6,19.8,29,359.1,299.3,19.55,23.75,-4.2,335.35,318.6,16.75,43.3,18.1363636363636,18.2648648648649,15.1161616161616,16.8432432432432,"DEN",-10.5
"45","2021_03_PHI_DAL","DAL","PHI",41,21,20,168,-189,8,8,62,-103,-107,51.5,-110,-101,"Brad Rogers","Dak Prescott","Jalen Hurts",0,"Mon","Philadelphia Eagles","Dallas Cowboys",26.6,17.2,403.9,305,26.8,27.6,358.9,283,22,27.1,-5.1,331.95,343.45,-11.5,49.1,13.3917910447761,15.1842105263158,10.5597014925373,11.4661654135338,"DAL",-3.5
"46","2021_03_SEA_MIN","MIN","SEA",30,17,13,-120,109,7,7,47,-101,-109,53.5,-104,-107,"Clay Martin","Kirk Cousins","Russell Wilson",0,"Sun","Seattle Seahawks","Minnesota Vikings",25.4,28,360,415.8,25.8,22.4,327.5,377.2,26.9,23.9,3,371.65,368.6,3.04999999999995,50.8,12.6937984496124,14.1732283464567,14.6201550387597,16.3700787401575,"MIN",2
"47","2021_03_TB_LA","LA","TB",34,24,10,-106,-104,7,7,58,100,-110,55,-102,-109,"Craig Wrolstad","Matthew Stafford","Tom Brady",0,"Sun","Tampa Bay Buccaneers","Los Angeles Rams",27.7,23.3,382.3,355,32.4,18.2,404.7,325,27.85,22.95,4.9,379.85,353.65,26.2,50.8,12.4907407407407,13.8014440433213,10.0308641975309,12.8158844765343,"LA",1
"48","2021_03_WAS_BUF","BUF","WAS",43,21,22,281,-330,10,7,64,-114,103,45.5,-105,-106,"Tony Corrente","Josh Allen","Taylor Heinicke",0,"Sun","Washington Commanders","Buffalo Bills",31.3,18.6,403.8,301.5,20.4,24.3,317.8,314.8,19.5,27.8,-8.3,309.65,359.3,-49.65,47.3,15.578431372549,12.9009584664537,15.4313725490196,9.63258785942492,"BUF",-7.5
"49","2021_04_ARI_LA","LA","ARI",20,37,-17,178,-200,7,7,57,100,-111,53.5,-101,-110,"Shawn Hochuli","Matthew Stafford","Kyler Murray",0,"Sun","Arizona Cardinals","Los Angeles Rams",27.7,23.3,382.3,355,22.8,29,351,391.1,23.05,28.35,-5.3,353,386.7,-33.7,51.4,15.3947368421053,13.8014440433213,17.1535087719298,12.8158844765343,"ARI",-3.5
"50","2021_04_BAL_DEN","DEN","BAL",7,23,-16,107,-118,7,7,30,101,-111,44,-106,-105,"Craig Wrolstad","Teddy Bridgewater","Lamar Jackson",0,"Sun","Baltimore Ravens","Denver Broncos",18.5,19.3,337.9,311.6,25.6,19,398.8,329.5,22.45,18.75,3.7,355.2,333.7,21.5000000000001,41.2,15.578125,18.2648648648649,12.87109375,16.8432432432432,"BAL",-1
"51","2021_04_CAR_DAL","DAL","CAR",36,28,8,186,-210,10,6,64,-106,-104,51.5,-114,102,"Jerome Boger","Dak Prescott","Sam Darnold",0,"Sun","Carolina Panthers","Dallas Cowboys",26.6,17.2,403.9,305,18.1,18.7,310.1,339.3,17.65,22.65,-5,307.55,371.6,-64.05,40.3,17.1325966850829,15.1842105263158,18.7458563535912,11.4661654135338,"DAL",-4.5
"52","2021_04_CLE_MIN","MIN","CLE",7,14,-7,-105,-106,7,7,21,102,-113,52,102,-114,"Tony Corrente","Kirk Cousins","Baker Mayfield",0,"Sun","Cleveland Browns","Minnesota Vikings",25.4,28,360,415.8,18.9,24.3,332.9,354.7,23.45,24.85,-1.4,374.35,357.35,17,48.3,17.6137566137566,14.1732283464567,18.7671957671958,16.3700787401575,"CLE",1
"53","2021_04_DET_CHI","CHI","DET",24,14,10,134,-148,7,7,38,-109,-101,42,-110,-101,"Shawn Smith","Justin Fields","Jared Goff",0,"Sun","Detroit Lions","Chicago Bears",17.6,28.1,304.9,374.9,22.1,27.3,315.5,419.3,25.1,22.45,2.65,345.2,362.1,-16.9,47.55,14.2760180995475,17.3238636363636,18.972850678733,21.3011363636364,"CHI",-3
"54","2021_04_HOU_BUF","BUF","HOU",40,0,40,988,-1500,10,7,40,-108,-102,47.5,-106,-105,"Ron Torbert","Josh Allen","Davis Mills",0,"Sun","Houston Texans","Buffalo Bills",31.3,18.6,403.8,301.5,20.3,25,315.3,383,19.45,28.15,-8.7,308.4,393.4,-85,47.6,15.5320197044335,12.9009584664537,18.8669950738916,9.63258785942492,"BUF",-19
"55","2021_04_IND_MIA","MIA","IND",17,27,-10,130,-144,7,7,44,102,-113,41.5,-104,-107,"Alex Kemp","Jacoby Brissett","Carson Wentz",0,"Sun","Indianapolis Colts","Miami Dolphins",17.5,24.4,310.8,387.1,27.6,21,349,322.7,26,19.25,6.75,368.05,316.75,51.3,45.25,12.6449275362319,17.76,11.6920289855072,22.12,"IND",-2.5
"56","2021_04_JAX_CIN","CIN","JAX",24,21,3,313,-373,4,4,45,105,-116,46,101,-113,"Brad Allen","Joe Burrow","Trevor Lawrence",0,"Thu","Jacksonville Jaguars","Cincinnati Bengals",25.1,22.1,316.4,360.6,15.8,16.6,299.1,327.6,18.95,20.85,-1.9,329.85,322,7.85000000000002,39.8,18.9303797468354,12.605577689243,20.7341772151899,14.3665338645418,"CIN",-7.5
"57","2021_04_KC_PHI","PHI","KC",30,42,-12,-349,296,7,6,72,101,-112,53.5,-105,-106,"Land Clark","Jalen Hurts","Patrick Mahomes",0,"Sun","Kansas City Chiefs","Philadelphia Eagles",24.5,19.5,358.7,313.3,28.6,20.2,385.5,327.3,24.05,22.35,1.7,349.4,343,6.39999999999998,46.4,13.479020979021,14.6408163265306,11.4440559440559,12.7877551020408,"KC",7.5
"58","2021_04_LV_LAC","LAC","LV",28,14,14,144,-161,8,8,42,-101,-109,52,-108,-103,"John Hussey","Justin Herbert","Derek Carr",0,"Mon","Las Vegas Raiders","Los Angeles Chargers",24.8,28,375.8,368.6,22.2,25.8,362.7,383.4,25.1,25.3,-0.199999999999999,365.65,379.6,-13.95,50.4,16.3378378378378,15.1532258064516,17.2702702702703,14.8629032258065,"LAC",-3
"59","2021_04_NYG_NO","NO","NYG",21,27,-6,286,-337,7,7,48,-118,107,43,103,-115,"Brad Rogers","Jameis Winston","Daniel Jones",1,"Sun","New York Giants","New Orleans Saints",23.8,16.6,299.6,346.4,14,18.9,276.6,367,15.3,21.35,-6.05,311.5,333.3,-21.8,36.65,19.7571428571429,12.5882352941176,26.2142857142857,14.5546218487395,"NYG",-7.5
"60","2021_04_PIT_GB","GB","PIT",27,17,10,239,-276,7,7,44,-104,-106,45,-103,-108,"Scott Novak","Aaron Rodgers","Ben Roethlisberger",0,"Sun","Pittsburgh Steelers","Green Bay Packers",22.8,23.3,355,364.3,20.8,19.8,318.2,321.8,22.05,21.3,0.75,341.25,338.4,2.85000000000002,43.35,15.2980769230769,15.5701754385965,15.4711538461538,15.9780701754386,"GB",-6.5
"61","2021_04_SEA_SF","SF","SEA",21,28,-7,120,-133,7,7,49,-103,-107,52,-108,-103,"Carl Cheffers","Jimmy Garoppolo","Russell Wilson",0,"Sun","Seattle Seahawks","San Francisco 49ers",23.1,19.8,356.6,266.5,25.8,22.4,327.5,377.2,22.8,22.75,0.0500000000000007,297,366.9,-69.9,45.55,12.6937984496124,15.4372294372294,14.6201550387597,11.5367965367965,"SEA",-2.5
"62","2021_04_TB_NE","NE","TB",17,19,-2,-255,223,7,7,36,-105,-105,49.5,-110,-101,"Bill Vinovich","Mac Jones","Tom Brady",0,"Sun","Tampa Bay Buccaneers","New England Patriots",22,19.4,315,341.3,32.4,18.2,404.7,325,25.9,20.1,5.8,373,320,53,46,12.4907407407407,14.3181818181818,10.0308641975309,15.5136363636364,"TB",6
"63","2021_04_TEN_NYJ","NYJ","TEN",27,24,3,-234,206,7,7,51,-104,-106,44.5,-106,-105,"Adrian Hill","Zach Wilson","Ryan Tannehill",1,"Sun","Tennessee Titans","New York Jets",16.5,30.4,247,302.9,22.5,17,323.3,366.2,26.45,16.75,9.7,313.1,306.6,6.5,43.2,14.3688888888889,14.969696969697,16.2755555555556,18.3575757575758,"NYJ",5.5
"64","2021_04_WAS_ATL","ATL","WAS",30,34,-4,-117,106,7,7,64,-111,100,47.5,-114,102,"Clay Martin","Matt Ryan","Taylor Heinicke",0,"Sun","Washington Commanders","Atlanta Falcons",20.7,25.7,326.1,393.5,20.4,24.3,317.8,314.8,23.05,22.5,0.549999999999997,355.65,320.45,35.1999999999999,45.55,15.578431372549,15.7536231884058,15.4313725490196,19.0096618357488,"WAS",1
"65","2021_05_BUF_KC","KC","BUF",20,38,-18,121,-134,7,7,58,-101,-109,57,103,-114,"Carl Cheffers","Patrick Mahomes","Josh Allen",0,"Sun","Buffalo Bills","Kansas City Chiefs",30.6,25.3,440.6,353.9,28.4,14.4,376.3,347.8,26.85,22.5,4.35,365.1,394.2,-29.1,49.35,13.25,14.3986928104575,12.2464788732394,11.5653594771242,"BUF",-2.5
"66","2021_05_CHI_LV","LV","CHI",9,20,-11,215,-245,7,6,29,-102,-108,46,-111,-101,"Craig Wrolstad","Derek Carr","Justin Fields",0,"Sun","Chicago Bears","Las Vegas Raiders",21.4,25.9,367.2,353.5,19.1,22.7,310.1,322.2,22.5,22.05,0.450000000000003,331.8,344.7,-12.9,44.55,16.2356020942408,17.1588785046729,16.869109947644,16.518691588785,"CHI",-5.5
"67","2021_05_CLE_LAC","LAC","CLE",47,42,5,117,-129,7,6,89,-106,-104,46.5,102,-114,"Brad Allen","Justin Herbert","Baker Mayfield",0,"Sun","Cleveland Browns","Los Angeles Chargers",24.8,28,375.8,368.6,18.9,24.3,332.9,354.7,23.45,24.55,-1.1,350.75,365.25,-14.5,48,17.6137566137566,15.1532258064516,18.7671957671958,14.8629032258065,"LAC",-2.5
"68","2021_05_DEN_PIT","PIT","DEN",27,19,8,-124,113,7,7,46,-106,-104,40,101,-113,"Brad Rogers","Ben Roethlisberger","Teddy Bridgewater",0,"Sun","Denver Broncos","Pittsburgh Steelers",19.7,29.1,306,389.9,20.8,17.2,323.9,317.5,24.95,18.45,6.5,356.9,311.75,45.15,43.4,15.5721153846154,15.5329949238579,15.2644230769231,19.7918781725888,"PIT",2
"69","2021_05_DET_MIN","MIN","DET",19,17,2,346,-418,7,7,36,-110,-100,49.5,102,-113,"Clete Blakeman","Kirk Cousins","Jared Goff",0,"Sun","Detroit Lions","Minnesota Vikings",25.4,28,360,415.8,22.1,27.3,315.5,419.3,25.05,26.35,-1.3,365.65,389.65,-24,51.4,14.2760180995475,14.1732283464567,18.972850678733,16.3700787401575,"MIN",-10
"70","2021_05_GB_CIN","CIN","GB",22,25,-3,-123,111,7,10,47,-104,-106,50,-108,-104,"Bill Vinovich","Joe Burrow","Aaron Rodgers",1,"Sun","Green Bay Packers","Cincinnati Bengals",25.1,22.1,316.4,360.6,28.3,23.2,364.4,321.2,25.2,24.15,1.05,362.5,318.8,43.7,49.35,12.8763250883392,12.605577689243,11.3498233215548,14.3665338645418,"GB",2
"71","2021_05_IND_BAL","BAL","IND",31,25,6,301,-356,8,8,56,-105,-105,46.5,-103,-108,"Land Clark","Lamar Jackson","Carson Wentz",1,"Mon","Indianapolis Colts","Baltimore Ravens",19.6,19.4,356.4,331.1,27.6,21,349,322.7,23.5,20.3,3.2,340.05,339.55,0.500000000000057,43.8,12.6449275362319,18.1836734693878,11.6920289855072,16.8928571428571,"BAL",-7.5
"72","2021_05_LA_SEA","SEA","LA",17,26,-9,-135,122,4,4,43,-116,105,53.5,-106,-105,"Ron Torbert","Russell Wilson","Matthew Stafford",0,"Thu","Los Angeles Rams","Seattle Seahawks",21,20.8,320.7,380,26.4,19.5,364.9,315.3,23.6,20.25,3.35,372.45,318,54.45,43.85,13.8219696969697,15.2714285714286,11.9431818181818,18.0952380952381,"LA",2.5
"73","2021_05_MIA_TB","TB","MIA",45,17,28,448,-564,7,7,62,-100,-110,48,-104,-107,"Jerome Boger","Tom Brady","Jacoby Brissett",0,"Sun","Miami Dolphins","Tampa Bay Buccaneers",27.2,24,395.8,317,22.3,19.8,303.7,308.3,23.15,23.5,-0.350000000000001,310.35,352.05,-41.7,46.65,13.6188340807175,14.5514705882353,13.8251121076233,11.6544117647059,"TB",-11
"74","2021_05_NE_HOU","HOU","NE",22,25,-3,-339,288,7,7,47,102,-112,39.5,-112,101,"Scott Novak","Davis Mills","Mac Jones",0,"Sun","New England Patriots","Houston Texans",12.1,23.4,236.1,377.9,31.2,19.4,386.4,279.2,27.3,15.75,11.55,382.15,257.65,124.5,43.05,12.3846153846154,19.5123966942149,8.94871794871795,31.2314049586777,"NE",8
"75","2021_05_NO_WAS","WAS","NO",22,33,-11,-130,117,7,7,55,-106,-104,43.5,-101,-110,"Shawn Smith","Taylor Heinicke","Jameis Winston",0,"Sun","New Orleans Saints","Washington Commanders",19.1,26.7,328.9,306.7,18,24.1,311.6,307,22.35,21.6,0.75,309.15,317.95,-8.80000000000001,43.95,17.3111111111111,17.2198952879581,17.0555555555556,16.0575916230366,"NO",2.5
"76","2021_05_NYG_DAL","DAL","NYG",44,20,24,285,-335,7,7,64,-112,102,53,104,-116,"John Hussey","Dak Prescott","Daniel Jones",0,"Sun","New York Giants","Dallas Cowboys",26.6,17.2,403.9,305,14,18.9,276.6,367,15.6,22.75,-7.15,290.8,385.45,-94.65,38.35,19.7571428571429,15.1842105263158,26.2142857142857,11.4661654135338,"DAL",-7.5
"77","2021_05_NYJ_ATL","ATL","NYJ",27,20,7,138,-153,7,7,47,-107,-103,45.5,102,-113,"Tony Corrente","Matt Ryan","Zach Wilson",0,"Sun","New York Jets","Atlanta Falcons",20.7,25.7,326.1,393.5,19.8,29,359.1,299.3,22.75,24.85,-2.1,376.3,312.7,63.6,47.6,18.1363636363636,15.7536231884058,15.1161616161616,19.0096618357488,"ATL",-3
"78","2021_05_PHI_CAR","CAR","PHI",18,21,-3,126,-139,7,7,39,104,-114,46,-106,-105,"Shawn Hochuli","Sam Darnold","Jalen Hurts",0,"Sun","Philadelphia Eagles","Carolina Panthers",17.7,26.5,288.9,348.3,26.8,27.6,358.9,283,26.65,22.65,4,353.6,285.95,67.65,49.3,13.3917910447761,16.3220338983051,10.5597014925373,19.6779661016949,"PHI",-2.5
"79","2021_05_SF_ARI","ARI","SF",17,10,7,231,-266,7,7,27,-110,-100,48.5,-105,-106,"Clay Martin","Kyler Murray","Trey Lance",0,"Sun","San Francisco 49ers","Arizona Cardinals",27.8,24.5,372.7,310.7,25.4,21.9,367.9,304.3,24.95,24.85,0.0999999999999979,339.3,338.5,0.799999999999955,49.8,14.4842519685039,13.4064748201439,11.9803149606299,11.1762589928058,"ARI",-6
"80","2021_05_TEN_JAX","JAX","TEN",19,37,-18,-191,170,7,10,56,-100,-110,49,-102,-109,"Alex Kemp","Trevor Lawrence","Ryan Tannehill",0,"Sun","Tennessee Titans","Jacksonville Jaguars",14.1,26.4,310.9,394.4,22.5,17,323.3,366.2,24.45,15.55,8.9,358.85,338.55,20.3000000000001,40,14.3688888888889,22.0496453900709,16.2755555555556,27.9716312056738,"TEN",4
"81","2021_06_ARI_CLE","CLE","ARI",14,37,-23,129,-143,7,7,51,-117,106,48,102,-114,"Carl Cheffers","Baker Mayfield","Kyler Murray",0,"Sun","Arizona Cardinals","Cleveland Browns",22.4,25.3,349.4,334.6,22.8,29,351,391.1,24.05,25.7,-1.65,342.8,370.25,-27.45,49.75,15.3947368421053,15.5982142857143,17.1535087719298,14.9375,"ARI",-3
"82","2021_06_BUF_TEN","TEN","BUF",34,31,3,-239,210,8,8,65,-102,-108,53.5,-113,101,"Clete Blakeman","Ryan Tannehill","Josh Allen",0,"Mon","Buffalo Bills","Tennessee Titans",26.3,25.4,367.8,364,28.4,14.4,376.3,347.8,26.9,20.35,6.55,370.15,357.8,12.35,47.25,13.25,13.9847908745247,12.2464788732394,13.8403041825095,"TEN",6
"83","2021_06_CIN_DET","DET","CIN",11,34,-23,-192,171,7,7,45,-110,-100,46.5,-110,-101,"Shawn Hochuli","Jared Goff","Joe Burrow",0,"Sun","Cincinnati Bengals","Detroit Lions",16.4,25.8,328.9,377.6,27.6,18.3,398.2,296.7,26.7,17.35,9.35,387.9,312.8,75.1,44.05,14.4275362318841,20.0548780487805,10.75,23.0243902439024,"CIN",3.5
"84","2021_06_DAL_NE","NE","DAL",29,35,-6,-189,169,7,7,64,-108,-102,50.5,-106,-105,"Brad Allen","Mac Jones","Dak Prescott",1,"Sun","Dallas Cowboys","New England Patriots",22,19.4,315,341.3,34.2,17.9,399,314.6,26.8,19.95,6.85,370.15,314.8,55.35,46.75,11.6666666666667,14.3181818181818,9.19883040935673,15.5136363636364,"DAL",3.5
"85","2021_06_GB_CHI","CHI","GB",14,24,-10,-228,201,7,7,38,-106,-104,44,-105,-106,"Brad Rogers","Justin Fields","Aaron Rodgers",0,"Sun","Green Bay Packers","Chicago Bears",17.6,28.1,304.9,374.9,28.3,23.2,364.4,321.2,28.2,20.4,7.8,369.65,313.05,56.6,48.6,12.8763250883392,17.3238636363636,11.3498233215548,21.3011363636364,"GB",5.5
"86","2021_06_HOU_IND","IND","HOU",31,3,28,363,-442,7,6,34,-117,106,43.5,-111,-100,"Jerome Boger","Carson Wentz","Davis Mills",0,"Sun","Houston Texans","Indianapolis Colts",25.4,24.6,345,308,20.3,25,315.3,383,22.45,25.2,-2.75,311.65,364,-52.35,47.65,15.5320197044335,13.5826771653543,18.8669950738916,12.1259842519685,"IND",-10.5
"87","2021_06_KC_WAS","WAS","KC",13,31,-18,-255,223,7,7,44,-105,-105,54,-106,-105,"Adrian Hill","Taylor Heinicke","Patrick Mahomes",0,"Sun","Kansas City Chiefs","Washington Commanders",19.1,26.7,328.9,306.7,28.6,20.2,385.5,327.3,27.65,19.65,8,346.1,328.1,18,47.3,13.479020979021,17.2198952879581,11.4440559440559,16.0575916230366,"KC",6
"88","2021_06_LA_NYG","NYG","LA",11,38,-27,-328,280,10,7,49,107,-118,49.5,-113,101,"Alex Kemp","Daniel Jones","Matthew Stafford",0,"Sun","Los Angeles Rams","New York Giants",16.2,29.4,296.8,363.8,26.4,19.5,364.9,315.3,27.9,17.85,10.05,364.35,306.05,58.3,45.75,13.8219696969697,18.320987654321,11.9431818181818,22.4567901234568,"LA",7.5
"89","2021_06_LAC_BAL","BAL","LAC",34,6,28,149,-166,7,6,40,106,-116,50.5,105,-117,"Bill Vinovich","Lamar Jackson","Justin Herbert",0,"Sun","Los Angeles Chargers","Baltimore Ravens",19.6,19.4,356.4,331.1,30.7,26.1,403.1,349.8,25.05,22.85,2.2,367.1,353.1,14,47.9,13.1302931596091,18.1836734693878,11.3941368078176,16.8928571428571,"BAL",-3
"90","2021_06_LV_DEN","DEN","LV",24,34,-10,182,-205,7,7,58,-111,101,45.5,-111,-100,"Ron Torbert","Teddy Bridgewater","Derek Carr",0,"Sun","Las Vegas Raiders","Denver Broncos",18.5,19.3,337.9,311.6,22.2,25.8,362.7,383.4,20.75,22.15,-1.4,337.15,360.65,-23.5,42.9,16.3378378378378,18.2648648648649,17.2702702702703,16.8432432432432,"LV",-5
"91","2021_06_MIA_JAX","JAX","MIA",23,20,3,-122,110,7,7,43,104,-115,47.5,-107,-105,"John Hussey","Trevor Lawrence","Tua Tagovailoa",0,"Sun","Miami Dolphins","Jacksonville Jaguars",14.1,26.4,310.9,394.4,22.3,19.8,303.7,308.3,24.35,16.95,7.4,349.05,309.6,39.4499999999999,41.3,13.6188340807175,22.0496453900709,13.8251121076233,27.9716312056738,"JAX",2.5
"92","2021_06_MIN_CAR","CAR","MIN",28,34,-6,-134,121,7,7,62,-110,-100,45.5,-110,-101,"Craig Wrolstad","Sam Darnold","Kirk Cousins",1,"Sun","Minnesota Vikings","Carolina Panthers",17.7,26.5,288.9,348.3,24.5,21.8,366,393.3,25.5,19.75,5.75,357.15,341.1,16.05,45.25,14.9387755102041,16.3220338983051,16.0530612244898,19.6779661016949,"MIN",2.5
"93","2021_06_SEA_PIT","PIT","SEA",23,20,3,189,-213,10,7,43,-104,-106,43,-104,-107,"Shawn Smith","Ben Roethlisberger","Geno Smith",1,"Sun","Seattle Seahawks","Pittsburgh Steelers",19.7,29.1,306,389.9,25.8,22.4,327.5,377.2,27.45,21.05,6.40000000000001,358.7,341.6,17.1,48.5,12.6937984496124,15.5329949238579,14.6201550387597,19.7918781725888,"PIT",-5.5
"94","2021_06_TB_PHI","PHI","TB",22,28,-6,-274,238,4,4,50,103,-114,53,-107,-104,"Clay Martin","Jalen Hurts","Tom Brady",0,"Thu","Tampa Bay Buccaneers","Philadelphia Eagles",24.5,19.5,358.7,313.3,32.4,18.2,404.7,325,25.95,21.35,4.6,359,341.85,17.15,47.3,12.4907407407407,14.6408163265306,10.0308641975309,12.7877551020408,"TB",7
"95","2021_07_ATL_MIA","MIA","ATL",28,30,-2,-129,117,14,7,58,-113,103,48.5,-113,101,"Scott Novak","Tua Tagovailoa","Matt Ryan",0,"Sun","Atlanta Falcons","Miami Dolphins",17.5,24.4,310.8,387.1,15.1,22.6,271.9,369.6,19.75,20.05,-0.300000000000001,329.5,340.2,-10.7,39.8,18.0066225165563,17.76,24.476821192053,22.12,"ATL",1.5
"96","2021_07_CAR_NYG","NYG","CAR",25,3,22,-154,139,7,7,28,-103,-107,42.5,-105,-106,"Carl Cheffers","Daniel Jones","Sam Darnold",0,"Sun","Carolina Panthers","New York Giants",16.2,29.4,296.8,363.8,18.1,18.7,310.1,339.3,23.75,17.45,6.3,336.95,318.05,18.9,41.2,17.1325966850829,18.320987654321,18.7458563535912,22.4567901234568,"NYG",3
"97","2021_07_CHI_TB","TB","CHI",38,3,35,501,-644,7,10,41,-114,103,47,-110,-101,"Alex Kemp","Tom Brady","Justin Fields",0,"Sun","Chicago Bears","Tampa Bay Buccaneers",27.2,24,395.8,317,19.1,22.7,310.1,322.2,21.55,24.95,-3.4,313.55,359,-45.45,46.5,16.2356020942408,14.5514705882353,16.869109947644,11.6544117647059,"TB",-12.5
"98","2021_07_CIN_BAL","BAL","CIN",17,41,-24,236,-272,7,7,58,-109,-101,45.5,-102,-109,"Tony Corrente","Lamar Jackson","Joe Burrow",0,"Sun","Cincinnati Bengals","Baltimore Ravens",19.6,19.4,356.4,331.1,27.6,18.3,398.2,296.7,23.5,18.95,4.55,364.65,326.55,38.1,42.45,14.4275362318841,18.1836734693878,10.75,16.8928571428571,"CIN",-6.5
"99","2021_07_DEN_CLE","CLE","DEN",17,14,3,110,-121,4,4,31,-107,-103,40.5,-106,-105,"Adrian Hill","Case Keenum","Teddy Bridgewater",0,"Thu","Denver Broncos","Cleveland Browns",22.4,25.3,349.4,334.6,20.8,17.2,323.9,317.5,23.05,19.8,3.25,329.25,333.45,-4.19999999999999,42.85,15.5721153846154,15.5982142857143,15.2644230769231,14.9375,"CLE",-2
"100","2021_07_DET_LA","LA","DET",28,19,9,860,-1256,7,7,47,-116,105,51,-110,-101,"Bill Vinovich","Matthew Stafford","Jared Goff",0,"Sun","Detroit Lions","Los Angeles Rams",27.7,23.3,382.3,355,22.1,27.3,315.5,419.3,22.7,27.5,-4.8,335.25,400.8,-65.55,50.2,14.2760180995475,13.8014440433213,18.972850678733,12.8158844765343,"LA",-17
"101","2021_07_HOU_ARI","ARI","HOU",31,5,26,1119,-1766,7,7,36,-111,100,47,101,-112,"Land Clark","Kyler Murray","Davis Mills",0,"Sun","Houston Texans","Arizona Cardinals",27.8,24.5,372.7,310.7,20.3,25,315.3,383,22.4,26.4,-4,313,377.85,-64.85,48.8,15.5320197044335,13.4064748201439,18.8669950738916,11.1762589928058,"ARI",-20.5
"102","2021_07_IND_SF","SF","IND",18,30,-12,152,-169,7,14,48,-117,106,41.5,-102,-110,"Craig Wrolstad","Jimmy Garoppolo","Carson Wentz",0,"Sun","Indianapolis Colts","San Francisco 49ers",23.1,19.8,356.6,266.5,27.6,21,349,322.7,23.7,22.05,1.65,307.75,339.65,-31.9,45.75,12.6449275362319,15.4372294372294,11.6920289855072,11.5367965367965,"IND",-3.5
"103","2021_07_KC_TEN","TEN","KC",27,3,24,-209,185,7,6,30,-110,-100,57.5,-111,-101,"Brad Allen","Ryan Tannehill","Patrick Mahomes",0,"Sun","Kansas City Chiefs","Tennessee Titans",26.3,25.4,367.8,364,28.6,20.2,385.5,327.3,27,23.25,3.75,374.75,347.55,27.2,50.25,13.479020979021,13.9847908745247,11.4440559440559,13.8403041825095,"TEN",4
"104","2021_07_NO_SEA","SEA","NO",10,13,-3,-237,208,15,8,23,-104,-106,42,-102,-109,"Shawn Hochuli","Geno Smith","Jameis Winston",0,"Mon","New Orleans Saints","Seattle Seahawks",21,20.8,320.7,380,18,24.1,311.6,307,19.4,22.55,-3.15,345.8,313.85,31.95,41.95,17.3111111111111,15.2714285714286,17.0555555555556,18.0952380952381,"NO",6
"105","2021_07_NYJ_NE","NE","NYJ",54,13,41,261,-303,14,7,67,-108,-102,43,-112,100,"Brad Rogers","Mac Jones","Zach Wilson",0,"Sun","New York Jets","New England Patriots",22,19.4,315,341.3,19.8,29,359.1,299.3,19.6,25.5,-5.9,350.2,307.15,43.0500000000001,45.1,18.1363636363636,14.3181818181818,15.1161616161616,15.5136363636364,"NE",-7
"106","2021_07_PHI_LV","LV","PHI",33,22,11,-102,-108,10,7,55,-109,-101,48,-106,-105,"Clete Blakeman","Derek Carr","Jalen Hurts",0,"Sun","Philadelphia Eagles","Las Vegas Raiders",21.4,25.9,367.2,353.5,26.8,27.6,358.9,283,26.35,24.5,1.85,356.2,325.1,31.1,50.85,13.3917910447761,17.1588785046729,10.5597014925373,16.518691588785,"LV",-1
"107","2021_07_WAS_GB","GB","WAS",24,10,14,331,-397,7,7,34,-105,-105,48,-117,105,"Ron Torbert","Aaron Rodgers","Taylor Heinicke",0,"Sun","Washington Commanders","Green Bay Packers",22.8,23.3,355,364.3,20.4,24.3,317.8,314.8,21.85,23.55,-1.7,341.05,334.9,6.15000000000003,45.4,15.578431372549,15.5701754385965,15.4313725490196,15.9780701754386,"GB",-8.5
"108","2021_08_CAR_ATL","ATL","CAR",13,19,-6,117,-129,7,7,32,-109,-101,47,-111,100,"Brad Allen","Matt Ryan","Sam Darnold",0,"Sun","Carolina Panthers","Atlanta Falcons",20.7,25.7,326.1,393.5,18.1,18.7,310.1,339.3,21.9,19.7,2.2,351.8,332.7,19.1,41.6,17.1325966850829,15.7536231884058,18.7458563535912,19.0096618357488,"CAR",-2.5
"109","2021_08_CIN_NYJ","NYJ","CIN",34,31,3,-510,411,7,7,65,-105,-105,43.5,-109,-102,"Craig Wrolstad","Mike White","Joe Burrow",0,"Sun","Cincinnati Bengals","New York Jets",16.5,30.4,247,302.9,27.6,18.3,398.2,296.7,29,17.4,11.6,350.55,271.85,78.6999999999999,46.4,14.4275362318841,14.969696969697,10.75,18.3575757575758,"NYJ",11.5
"110","2021_08_DAL_MIN","MIN","DAL",16,20,-4,193,-219,14,14,36,-109,-101,49.5,-110,-101,"Scott Novak","Kirk Cousins","Cooper Rush",0,"Sun","Dallas Cowboys","Minnesota Vikings",25.4,28,360,415.8,34.2,17.9,399,314.6,31.1,21.65,9.45,407.4,337.3,70.1,52.75,11.6666666666667,14.1732283464567,9.19883040935673,16.3700787401575,"DAL",-4.5
"111","2021_08_GB_ARI","ARI","GB",21,24,-3,242,-279,4,4,45,-104,-106,51,-105,-106,"Alex Kemp","Kyler Murray","Aaron Rodgers",0,"Thu","Green Bay Packers","Arizona Cardinals",27.8,24.5,372.7,310.7,28.3,23.2,364.4,321.2,26.4,25.5,0.899999999999999,337.55,346.95,-9.40000000000003,51.9,12.8763250883392,13.4064748201439,11.3498233215548,11.1762589928058,"GB",-6.5
"112","2021_08_JAX_SEA","SEA","JAX",31,7,24,171,-192,14,6,38,-105,-105,44,-101,-111,"Adrian Hill","Geno Smith","Trevor Lawrence",0,"Sun","Jacksonville Jaguars","Seattle Seahawks",21,20.8,320.7,380,15.8,16.6,299.1,327.6,18.3,18.8,-0.5,339.55,324.15,15.4,37.1,18.9303797468354,15.2714285714286,20.7341772151899,18.0952380952381,"SEA",-4
"113","2021_08_LA_HOU","HOU","LA",22,38,-16,-1010,724,7,7,60,107,-118,47,-108,-103,"Clay Martin","Davis Mills","Matthew Stafford",0,"Sun","Los Angeles Rams","Houston Texans",12.1,23.4,236.1,377.9,26.4,19.5,364.9,315.3,24.9,15.8,9.1,371.4,275.7,95.7,40.7,13.8219696969697,19.5123966942149,11.9431818181818,31.2314049586777,"LA",17
"114","2021_08_MIA_BUF","BUF","MIA",26,11,15,709,-983,7,13,37,-108,-102,48.5,-103,-108,"Shawn Smith","Josh Allen","Tua Tagovailoa",0,"Sun","Miami Dolphins","Buffalo Bills",31.3,18.6,403.8,301.5,22.3,19.8,303.7,308.3,20.45,25.55,-5.1,302.6,356.05,-53.45,46,13.6188340807175,12.9009584664537,13.8251121076233,9.63258785942492,"BUF",-15
"115","2021_08_NE_LAC","LAC","NE",24,27,-3,163,-183,7,14,51,-101,-109,50.5,-106,-105,"Ron Torbert","Justin Herbert","Mac Jones",0,"Sun","New England Patriots","Los Angeles Chargers",24.8,28,375.8,368.6,31.2,19.4,386.4,279.2,29.6,22.1,7.5,377.5,327.5,50,51.7,12.3846153846154,15.1532258064516,8.94871794871795,14.8629032258065,"NE",-3.5
"116","2021_08_NYG_KC","KC","NYG",20,17,3,425,-530,8,8,37,-107,-103,53,-101,-110,"Jerome Boger","Patrick Mahomes","Daniel Jones",0,"Mon","New York Giants","Kansas City Chiefs",30.6,25.3,440.6,353.9,14,18.9,276.6,367,19.65,24.75,-5.1,315.25,403.8,-88.55,44.4,19.7571428571429,14.3986928104575,26.2142857142857,11.5653594771242,"KC",-10.5
"117","2021_08_PHI_DET","DET","PHI",6,44,-38,-168,151,7,7,50,-116,105,48.5,-110,-101,"Tony Corrente","Jared Goff","Jalen Hurts",0,"Sun","Philadelphia Eagles","Detroit Lions",16.4,25.8,328.9,377.6,26.8,27.6,358.9,283,26.3,22,4.3,368.25,305.95,62.3,48.3,13.3917910447761,20.0548780487805,10.5597014925373,23.0243902439024,"PHI",3
"118","2021_08_PIT_CLE","CLE","PIT",10,15,-5,196,-222,14,10,25,-108,-102,43,-105,-106,"Shawn Hochuli","Baker Mayfield","Ben Roethlisberger",0,"Sun","Pittsburgh Steelers","Cleveland Browns",22.4,25.3,349.4,334.6,20.8,19.8,318.2,321.8,23.05,21.1,1.95,326.4,335.6,-9.20000000000005,44.15,15.2980769230769,15.5982142857143,15.4711538461538,14.9375,"PIT",-5.5
"119","2021_08_SF_CHI","CHI","SF",22,33,-11,-210,186,7,7,55,-103,-107,40,102,-114,"Land Clark","Justin Fields","Jimmy Garoppolo",0,"Sun","San Francisco 49ers","Chicago Bears",17.6,28.1,304.9,374.9,25.4,21.9,367.9,304.3,26.75,19.75,7,371.4,304.6,66.8,46.5,14.4842519685039,17.3238636363636,11.9803149606299,21.3011363636364,"SF",4.5
"120","2021_08_TB_NO","NO","TB",36,27,9,-188,168,7,6,63,-101,-109,48.5,-109,-102,"Clete Blakeman","Jameis Winston","Tom Brady",0,"Sun","Tampa Bay Buccaneers","New Orleans Saints",23.8,16.6,299.6,346.4,32.4,18.2,404.7,325,24.5,21,3.5,375.55,312.3,63.2499999999999,45.5,12.4907407407407,12.5882352941176,10.0308641975309,14.5546218487395,"NO",4
"121","2021_08_TEN_IND","IND","TEN",31,34,-3,144,-160,7,7,65,-102,-108,51,-112,101,"Carl Cheffers","Carson Wentz","Ryan Tannehill",1,"Sun","Tennessee Titans","Indianapolis Colts",25.4,24.6,345,308,22.5,17,323.3,366.2,23.55,21.2,2.35,315.65,355.6,-39.95,44.75,14.3688888888889,13.5826771653543,16.2755555555556,12.1259842519685,"TEN",-3
"122","2021_08_WAS_DEN","DEN","WAS",17,10,7,170,-191,7,10,27,-108,-102,45,-116,104,"John Hussey","Teddy Bridgewater","Taylor Heinicke",0,"Sun","Washington Commanders","Denver Broncos",18.5,19.3,337.9,311.6,20.4,24.3,317.8,314.8,19.85,21.4,-1.55,314.7,326.35,-11.65,41.25,15.578431372549,18.2648648648649,15.4313725490196,16.8432432432432,"DEN",-4
"123","2021_09_ARI_SF","SF","ARI",17,31,-14,207,-235,10,7,48,-105,-105,44.5,-109,-102,"Brad Allen","Jimmy Garoppolo","Colt McCoy",0,"Sun","Arizona Cardinals","San Francisco 49ers",23.1,19.8,356.6,266.5,22.8,29,351,391.1,21.3,26.05,-4.75,308.75,373.85,-65.1,47.35,15.3947368421053,15.4372294372294,17.1535087719298,11.5367965367965,"ARI",-5.5
"124","2021_09_ATL_NO","NO","ATL",25,27,-2,240,-277,7,7,52,-117,106,43,-101,-110,"Alex Kemp","Trevor Siemian","Matt Ryan",0,"Sun","Atlanta Falcons","New Orleans Saints",23.8,16.6,299.6,346.4,15.1,22.6,271.9,369.6,15.85,23.2,-7.35,309.15,334.6,-25.45,39.05,18.0066225165563,12.5882352941176,24.476821192053,14.5546218487395,"ATL",-7
"125","2021_09_BUF_JAX","JAX","BUF",9,6,3,-1101,776,7,7,15,-120,109,48,-103,-108,"Land Clark","Trevor Lawrence","Josh Allen",0,"Sun","Buffalo Bills","Jacksonville Jaguars",14.1,26.4,310.9,394.4,28.4,14.4,376.3,347.8,27.4,14.25,13.15,385.35,329.35,56,41.65,13.25,22.0496453900709,12.2464788732394,27.9716312056738,"JAX",14.5
"126","2021_09_CHI_PIT","PIT","CHI",29,27,2,263,-306,8,8,56,-109,-101,40,-103,-108,"Tony Corrente","Ben Roethlisberger","Justin Fields",0,"Mon","Chicago Bears","Pittsburgh Steelers",19.7,29.1,306,389.9,19.1,22.7,310.1,322.2,24.1,21.2,2.9,350,314.1,35.9,45.3,16.2356020942408,15.5329949238579,16.869109947644,19.7918781725888,"PIT",-7
"127","2021_09_CLE_CIN","CIN","CLE",16,41,-25,117,-129,7,7,57,-105,-105,47.5,-106,-105,"Scott Novak","Joe Burrow","Baker Mayfield",0,"Sun","Cleveland Browns","Cincinnati Bengals",25.1,22.1,316.4,360.6,18.9,24.3,332.9,354.7,20.5,24.7,-4.2,346.75,335.55,11.2,45.2,17.6137566137566,12.605577689243,18.7671957671958,14.3665338645418,"CLE",-2.5
"128","2021_09_DEN_DAL","DAL","DEN",16,30,-14,378,-462,7,7,46,-107,-103,50,-103,-108,"Bill Vinovich","Dak Prescott","Teddy Bridgewater",0,"Sun","Denver Broncos","Dallas Cowboys",26.6,17.2,403.9,305,20.8,17.2,323.9,317.5,19,21.9,-2.9,314.45,360.7,-46.25,40.9,15.5721153846154,15.1842105263158,15.2644230769231,11.4661654135338,"DEN",-10.5
"129","2021_09_GB_KC","KC","GB",13,7,6,275,-322,10,6,20,-107,-104,48,-102,-109,"Shawn Smith","Patrick Mahomes","Jordan Love",0,"Sun","Green Bay Packers","Kansas City Chiefs",30.6,25.3,440.6,353.9,28.3,23.2,364.4,321.2,26.8,26.9,-0.0999999999999979,359.15,380.9,-21.75,53.7,12.8763250883392,14.3986928104575,11.3498233215548,11.5653594771242,"KC",-7
"130","2021_09_HOU_MIA","MIA","HOU",17,9,8,166,-185,7,7,26,-112,101,45,-109,-102,"Adrian Hill","Jacoby Brissett","Tyrod Taylor",0,"Sun","Houston Texans","Miami Dolphins",17.5,24.4,310.8,387.1,20.3,25,315.3,383,22.35,21.25,1.1,351.2,346.9,4.30000000000007,43.6,15.5320197044335,17.76,18.8669950738916,22.12,"MIA",-4
"131","2021_09_LAC_PHI","PHI","LAC",24,27,-3,-106,-104,7,7,51,-101,-110,49.5,-105,-106,"Jerome Boger","Jalen Hurts","Justin Herbert",0,"Sun","Los Angeles Chargers","Philadelphia Eagles",24.5,19.5,358.7,313.3,30.7,26.1,403.1,349.8,25.1,25.3,-0.199999999999999,358.2,354.25,3.95000000000005,50.4,13.1302931596091,14.6408163265306,11.3941368078176,12.7877551020408,"LAC",1
"132","2021_09_LV_NYG","NYG","LV",23,16,7,-152,137,14,6,39,-102,-108,47,-108,-103,"Clay Martin","Daniel Jones","Derek Carr",0,"Sun","Las Vegas Raiders","New York Giants",16.2,29.4,296.8,363.8,22.2,25.8,362.7,383.4,25.8,21,4.8,363.25,340.1,23.15,46.8,16.3378378378378,18.320987654321,17.2702702702703,22.4567901234568,"NYG",3
"133","2021_09_MIN_BAL","BAL","MIN",34,31,3,262,-305,7,14,65,-117,106,51,-109,-102,"Carl Cheffers","Lamar Jackson","Kirk Cousins",1,"Sun","Minnesota Vikings","Baltimore Ravens",19.6,19.4,356.4,331.1,24.5,21.8,366,393.3,21.95,20.7,1.25,348.55,374.85,-26.3,42.65,14.9387755102041,18.1836734693878,16.0530612244898,16.8928571428571,"BAL",-7.5
"134","2021_09_NE_CAR","CAR","NE",6,24,-18,-176,157,7,7,30,-101,-109,41.5,100,-111,"Clete Blakeman","Sam Darnold","Mac Jones",0,"Sun","New England Patriots","Carolina Panthers",17.7,26.5,288.9,348.3,31.2,19.4,386.4,279.2,28.85,18.55,10.3,367.35,284.05,83.3000000000001,47.4,12.3846153846154,16.3220338983051,8.94871794871795,19.6779661016949,"NE",3.5
"135","2021_09_NYJ_IND","IND","NYJ",45,30,15,410,-509,4,4,75,-108,-102,46,-111,-101,"John Hussey","Carson Wentz","Mike White",0,"Thu","New York Jets","Indianapolis Colts",25.4,24.6,345,308,19.8,29,359.1,299.3,22.2,27.2,-5,333.55,322.15,11.4,49.4,18.1363636363636,13.5826771653543,15.1161616161616,12.1259842519685,"IND",-10.5
"136","2021_09_TEN_LA","LA","TEN",16,28,-12,296,-350,7,7,44,103,-114,53.5,-111,-100,"Brad Rogers","Matthew Stafford","Ryan Tannehill",0,"Sun","Tennessee Titans","Los Angeles Rams",27.7,23.3,382.3,355,22.5,17,323.3,366.2,22.9,22.35,0.549999999999997,339.15,374.25,-35.1,45.25,14.3688888888889,13.8014440433213,16.2755555555556,12.8158844765343,"TEN",-7
"137","2021_10_ATL_DAL","DAL","ATL",43,3,40,328,-392,7,7,46,-105,-105,55,-108,-103,"Craig Wrolstad","Dak Prescott","Matt Ryan",0,"Sun","Atlanta Falcons","Dallas Cowboys",26.6,17.2,403.9,305,15.1,22.6,271.9,369.6,16.15,24.6,-8.45,288.45,386.75,-98.3,40.75,18.0066225165563,15.1842105263158,24.476821192053,11.4661654135338,"DAL",-8
"138","2021_10_BAL_MIA","MIA","BAL",22,10,12,-390,326,4,4,32,-106,-104,46.5,-106,-105,"Ron Torbert","Jacoby Brissett","Lamar Jackson",0,"Thu","Baltimore Ravens","Miami Dolphins",17.5,24.4,310.8,387.1,25.6,19,398.8,329.5,25,18.25,6.75,392.95,320.15,72.8000000000001,43.25,15.578125,17.76,12.87109375,22.12,"MIA",8.5
"139","2021_10_BUF_NYJ","NYJ","BUF",17,45,-28,-685,527,7,10,62,101,-111,47,104,-116,"Scott Novak","Mike White","Josh Allen",0,"Sun","Buffalo Bills","New York Jets",16.5,30.4,247,302.9,28.4,14.4,376.3,347.8,29.4,15.45,13.95,339.6,297.4,42.2,44.85,13.25,14.969696969697,12.2464788732394,18.3575757575758,"BUF",13
"140","2021_10_CAR_ARI","ARI","CAR",10,34,-24,280,-329,7,7,44,-103,-107,42,-113,101,"Adrian Hill","Colt McCoy","Phillip Walker",0,"Sun","Carolina Panthers","Arizona Cardinals",27.8,24.5,372.7,310.7,18.1,18.7,310.1,339.3,21.3,23.25,-1.95,310.4,356,-45.6,44.55,17.1325966850829,13.4064748201439,18.7458563535912,11.1762589928058,"CAR",-7
"141","2021_10_CLE_NE","NE","CLE",45,7,38,119,-132,7,7,52,-104,-106,45.5,-108,-103,"John Hussey","Mac Jones","Baker Mayfield",0,"Sun","Cleveland Browns","New England Patriots",22,19.4,315,341.3,18.9,24.3,332.9,354.7,19.15,23.15,-4,337.1,334.85,2.25,42.3,17.6137566137566,14.3181818181818,18.7671957671958,15.5136363636364,"NE",-2.5
"142","2021_10_DET_PIT","PIT","DET",16,16,0,303,-359,14,6,32,-121,110,43,-114,102,"Land Clark","Mason Rudolph","Jared Goff",1,"Sun","Detroit Lions","Pittsburgh Steelers",19.7,29.1,306,389.9,22.1,27.3,315.5,419.3,25.6,23.5,2.1,352.7,362.65,-9.94999999999999,49.1,14.2760180995475,15.5329949238579,18.972850678733,19.7918781725888,"tie",-9
"143","2021_10_JAX_IND","IND","JAX",23,17,6,358,-434,7,10,40,-115,104,47.5,-108,-103,"Tony Corrente","Carson Wentz","Trevor Lawrence",0,"Sun","Jacksonville Jaguars","Indianapolis Colts",25.4,24.6,345,308,15.8,16.6,299.1,327.6,20.2,21,-0.799999999999997,303.55,336.3,-32.75,41.2,18.9303797468354,13.5826771653543,20.7341772151899,12.1259842519685,"IND",-10.5
"144","2021_10_KC_LV","LV","KC",14,41,-27,-147,133,7,7,55,-123,111,53.5,-108,-103,"Bill Vinovich","Derek Carr","Patrick Mahomes",0,"Sun","Kansas City Chiefs","Las Vegas Raiders",21.4,25.9,367.2,353.5,28.6,20.2,385.5,327.3,27.25,20.8,6.45,369.5,347.25,22.25,48.05,13.479020979021,17.1588785046729,11.4440559440559,16.518691588785,"KC",2.5
"145","2021_10_LA_SF","SF","LA",31,10,21,-177,158,8,8,41,-100,-110,50,-110,-102,"Shawn Smith","Jimmy Garoppolo","Matthew Stafford",0,"Mon","Los Angeles Rams","San Francisco 49ers",23.1,19.8,356.6,266.5,26.4,19.5,364.9,315.3,23.1,21.3,1.8,315.7,335.95,-20.2500000000001,44.4,13.8219696969697,15.4372294372294,11.9431818181818,11.5367965367965,"SF",3.5
"146","2021_10_MIN_LAC","LAC","MIN",20,27,-7,160,-179,7,7,47,111,-123,53.5,-104,-107,"Clay Martin","Justin Herbert","Kirk Cousins",0,"Sun","Minnesota Vikings","Los Angeles Chargers",24.8,28,375.8,368.6,24.5,21.8,366,393.3,26.25,23.3,2.95,367.3,384.55,-17.25,49.55,14.9387755102041,15.1532258064516,16.0530612244898,14.8629032258065,"MIN",-3
"147","2021_10_NO_TEN","TEN","NO",23,21,2,133,-147,7,7,44,-114,103,44,-109,-102,"Jerome Boger","Ryan Tannehill","Trevor Siemian",0,"Sun","New Orleans Saints","Tennessee Titans",26.3,25.4,367.8,364,18,24.1,311.6,307,21.7,25.2,-3.5,337.8,337.4,0.400000000000034,46.9,17.3111111111111,13.9847908745247,17.0555555555556,13.8403041825095,"TEN",-3
"148","2021_10_PHI_DEN","DEN","PHI",13,30,-17,101,-111,7,7,43,-108,-102,44.5,-103,-108,"Shawn Hochuli","Teddy Bridgewater","Jalen Hurts",0,"Sun","Philadelphia Eagles","Denver Broncos",18.5,19.3,337.9,311.6,26.8,27.6,358.9,283,23.05,23.05,0,335.25,310.45,24.8,46.1,13.3917910447761,18.2648648648649,10.5597014925373,16.8432432432432,"PHI",-1
"149","2021_10_SEA_GB","GB","SEA",17,0,17,151,-168,14,7,17,104,-115,49.5,-117,105,"Brad Allen","Aaron Rodgers","Russell Wilson",0,"Sun","Seattle Seahawks","Green Bay Packers",22.8,23.3,355,364.3,25.8,22.4,327.5,377.2,24.55,22.6,1.95,345.9,366.1,-20.2,47.15,12.6937984496124,15.5701754385965,14.6201550387597,15.9780701754386,"GB",-3
"150","2021_10_TB_WAS","WAS","TB",29,19,10,-435,359,14,14,48,106,-117,51,-109,-102,"Brad Rogers","Taylor Heinicke","Tom Brady",0,"Sun","Tampa Bay Buccaneers","Washington Commanders",19.1,26.7,328.9,306.7,32.4,18.2,404.7,325,29.55,18.65,10.9,355.7,326.95,28.75,48.2,12.4907407407407,17.2198952879581,10.0308641975309,16.0575916230366,"WAS",10
"151","2021_11_ARI_SEA","SEA","ARI",13,23,-10,135,-150,7,7,36,111,-122,46,-113,101,"Clete Blakeman","Russell Wilson","Colt McCoy",0,"Sun","Arizona Cardinals","Seattle Seahawks",21,20.8,320.7,380,22.8,29,351,391.1,21.8,25,-3.2,365.5,355.9,9.60000000000002,46.8,15.3947368421053,15.2714285714286,17.1535087719298,18.0952380952381,"ARI",-2.5
"152","2021_11_BAL_CHI","CHI","BAL",13,16,-3,-226,199,10,13,29,-103,-107,43,-104,-107,"Shawn Smith","Justin Fields","Tyler Huntley",0,"Sun","Baltimore Ravens","Chicago Bears",17.6,28.1,304.9,374.9,25.6,19,398.8,329.5,26.85,18.3,8.55,386.85,317.2,69.65,45.15,15.578125,17.3238636363636,12.87109375,21.3011363636364,"BAL",5
"153","2021_11_CIN_LV","LV","CIN",13,32,-19,-123,112,14,7,45,-115,105,50.5,-110,-101,"Jerome Boger","Derek Carr","Joe Burrow",0,"Sun","Cincinnati Bengals","Las Vegas Raiders",21.4,25.9,367.2,353.5,27.6,18.3,398.2,296.7,26.75,19.85,6.9,375.85,331.95,43.9,46.6,14.4275362318841,17.1588785046729,10.75,16.518691588785,"CIN",1
"154","2021_11_DAL_KC","KC","DAL",19,9,10,122,-134,7,7,28,-101,-110,56,-115,103,"John Hussey","Patrick Mahomes","Dak Prescott",0,"Sun","Dallas Cowboys","Kansas City Chiefs",30.6,25.3,440.6,353.9,34.2,17.9,399,314.6,29.75,24.25,5.5,376.45,377.6,-1.15000000000003,54,11.6666666666667,14.3986928104575,9.19883040935673,11.5653594771242,"KC",-2.5
"155","2021_11_DET_CLE","CLE","DET",13,10,3,465,-590,7,7,23,-106,-104,42.5,-103,-108,"Clay Martin","Baker Mayfield","Tim Boyle",0,"Sun","Detroit Lions","Cleveland Browns",22.4,25.3,349.4,334.6,22.1,27.3,315.5,419.3,23.7,24.85,-1.15,325.05,384.35,-59.3,48.55,14.2760180995475,15.5982142857143,18.972850678733,14.9375,"CLE",-13
"156","2021_11_GB_MIN","MIN","GB",34,31,3,-111,101,7,7,65,-105,-105,48,-113,102,"Shawn Hochuli","Kirk Cousins","Aaron Rodgers",0,"Sun","Green Bay Packers","Minnesota Vikings",25.4,28,360,415.8,28.3,23.2,364.4,321.2,28.15,24.3,3.85,390.1,340.6,49.5,52.45,12.8763250883392,14.1732283464567,11.3498233215548,16.3700787401575,"MIN",1
"157","2021_11_HOU_TEN","TEN","HOU",13,22,-9,377,-462,14,7,35,-110,-100,44.5,-110,-101,"Tony Corrente","Ryan Tannehill","Tyrod Taylor",0,"Sun","Houston Texans","Tennessee Titans",26.3,25.4,367.8,364,20.3,25,315.3,383,22.85,25.65,-2.8,339.65,375.4,-35.75,48.5,15.5320197044335,13.9847908745247,18.8669950738916,13.8403041825095,"HOU",-10.5
"158","2021_11_IND_BUF","BUF","IND",15,41,-26,274,-320,7,7,56,-116,105,49.5,-111,100,"Brad Rogers","Josh Allen","Carson Wentz",0,"Sun","Indianapolis Colts","Buffalo Bills",31.3,18.6,403.8,301.5,27.6,21,349,322.7,23.1,26.15,-3.05,325.25,363.25,-38,49.25,12.6449275362319,12.9009584664537,11.6920289855072,9.63258785942492,"IND",-7.5
"159","2021_11_MIA_NYJ","NYJ","MIA",17,24,-7,-181,162,10,7,41,-103,-107,44.5,101,-112,"Alex Kemp","Joe Flacco","Tua Tagovailoa",0,"Sun","Miami Dolphins","New York Jets",16.5,30.4,247,302.9,22.3,19.8,303.7,308.3,26.35,18.15,8.2,303.3,277.65,25.65,44.5,13.6188340807175,14.969696969697,13.8251121076233,18.3575757575758,"MIA",3.5
"160","2021_11_NE_ATL","ATL","NE",0,25,-25,-329,280,4,4,25,-111,101,47.5,-108,-103,"Land Clark","Matt Ryan","Mac Jones",0,"Thu","New England Patriots","Atlanta Falcons",20.7,25.7,326.1,393.5,31.2,19.4,386.4,279.2,28.45,20.05,8.4,389.95,302.65,87.3,48.5,12.3846153846154,15.7536231884058,8.94871794871795,19.0096618357488,"NE",7
"161","2021_11_NO_PHI","PHI","NO",40,29,11,130,-144,7,7,69,106,-117,42.5,-111,-100,"Scott Novak","Jalen Hurts","Trevor Siemian",0,"Sun","New Orleans Saints","Philadelphia Eagles",24.5,19.5,358.7,313.3,18,24.1,311.6,307,18.75,24.3,-5.55,312.45,332.85,-20.4,43.05,17.3111111111111,14.6408163265306,17.0555555555556,12.7877551020408,"PHI",-2.5
"162","2021_11_NYG_TB","TB","NYG",30,10,20,423,-527,15,8,40,-113,102,49.5,-102,-109,"Craig Wrolstad","Tom Brady","Daniel Jones",0,"Mon","New York Giants","Tampa Bay Buccaneers",27.2,24,395.8,317,14,18.9,276.6,367,19,23.05,-4.05,296.8,381.4,-84.6,42.05,19.7571428571429,14.5514705882353,26.2142857142857,11.6544117647059,"TB",-11.5
"163","2021_11_PIT_LAC","LAC","PIT",41,37,4,220,-251,7,7,78,103,-114,47.5,-105,-106,"Carl Cheffers","Justin Herbert","Ben Roethlisberger",0,"Sun","Pittsburgh Steelers","Los Angeles Chargers",24.8,28,375.8,368.6,20.8,19.8,318.2,321.8,24.4,22.3,2.1,343.4,348.8,-5.40000000000003,46.7,15.2980769230769,15.1532258064516,15.4711538461538,14.8629032258065,"LAC",-5.5
"164","2021_11_SF_JAX","JAX","SF",10,30,-20,-281,243,6,7,40,-106,-104,45,-103,-108,"Ron Torbert","Trevor Lawrence","Jimmy Garoppolo",0,"Sun","San Francisco 49ers","Jacksonville Jaguars",14.1,26.4,310.9,394.4,25.4,21.9,367.9,304.3,25.9,18,7.9,381.15,307.6,73.55,43.9,14.4842519685039,22.0496453900709,11.9803149606299,27.9716312056738,"SF",6.5
"165","2021_11_WAS_CAR","CAR","WAS",21,27,-6,154,-172,7,7,48,-114,103,43,-108,-103,"Bill Vinovich","Cam Newton","Taylor Heinicke",0,"Sun","Washington Commanders","Carolina Panthers",17.7,26.5,288.9,348.3,20.4,24.3,317.8,314.8,23.45,21,2.45,333.05,301.85,31.2,44.45,15.578431372549,16.3220338983051,15.4313725490196,19.6779661016949,"WAS",-3.5
"166","2021_12_ATL_JAX","JAX","ATL",14,21,-7,-115,105,10,7,35,-102,-108,46,-108,-103,"Carl Cheffers","Trevor Lawrence","Matt Ryan",0,"Sun","Atlanta Falcons","Jacksonville Jaguars",14.1,26.4,310.9,394.4,15.1,22.6,271.9,369.6,20.75,18.35,2.4,333.15,340.25,-7.10000000000002,39.1,18.0066225165563,22.0496453900709,24.476821192053,27.9716312056738,"ATL",1.5
"167","2021_12_BUF_NO","NO","BUF",6,31,-25,-270,235,4,4,37,100,-112,45,-110,-101,"Brad Allen","Trevor Siemian","Josh Allen",0,"Thu","Buffalo Bills","New Orleans Saints",23.8,16.6,299.6,346.4,28.4,14.4,376.3,347.8,22.5,19.1,3.4,361.35,323.7,37.65,41.6,13.25,12.5882352941176,12.2464788732394,14.5546218487395,"BUF",7
"168","2021_12_CAR_MIA","MIA","CAR",33,10,23,-119,108,7,7,43,-110,-101,41,102,-113,"John Hussey","Tua Tagovailoa","Cam Newton",0,"Sun","Carolina Panthers","Miami Dolphins",17.5,24.4,310.8,387.1,18.1,18.7,310.1,339.3,21.25,18.1,3.15,348.6,325.05,23.55,39.35,17.1325966850829,17.76,18.7458563535912,22.12,"MIA",1
"169","2021_12_CHI_DET","DET","CHI",14,16,-2,-129,115,4,4,30,-107,-104,41.5,-103,-108,"Adrian Hill","Jared Goff","Andy Dalton",0,"Thu","Chicago Bears","Detroit Lions",16.4,25.8,328.9,377.6,19.1,22.7,310.1,322.2,22.45,19.55,2.90000000000001,343.85,325.55,18.3000000000001,42,16.2356020942408,20.0548780487805,16.869109947644,23.0243902439024,"CHI",2
"170","2021_12_CLE_BAL","BAL","CLE",16,10,6,140,-156,7,7,26,-110,-102,47,-101,-110,"Jerome Boger","Lamar Jackson","Baker Mayfield",0,"Sun","Cleveland Browns","Baltimore Ravens",19.6,19.4,356.4,331.1,18.9,24.3,332.9,354.7,19.15,21.95,-2.8,332,355.55,-23.55,41.1,17.6137566137566,18.1836734693878,18.7671957671958,16.8928571428571,"BAL",-3
"171","2021_12_LA_GB","GB","LA",36,28,8,-120,108,13,7,64,-100,-110,47,-109,-102,"Craig Wrolstad","Aaron Rodgers","Matthew Stafford",0,"Sun","Los Angeles Rams","Green Bay Packers",22.8,23.3,355,364.3,26.4,19.5,364.9,315.3,24.85,21.15,3.7,364.6,335.15,29.45,46,13.8219696969697,15.5701754385965,11.9431818181818,15.9780701754386,"GB",2
"172","2021_12_LAC_DEN","DEN","LAC",28,13,15,-141,127,7,14,41,-114,103,47.5,-111,-100,"Land Clark","Teddy Bridgewater","Justin Herbert",0,"Sun","Los Angeles Chargers","Denver Broncos",18.5,19.3,337.9,311.6,30.7,26.1,403.1,349.8,25,22.3,2.7,357.35,343.85,13.5,47.3,13.1302931596091,18.2648648648649,11.3941368078176,16.8432432432432,"DEN",2.5
"173","2021_12_LV_DAL","DAL","LV",33,36,-3,269,-314,4,4,69,-106,-105,51,-103,-108,"Shawn Hochuli","Dak Prescott","Derek Carr",0,"Thu","Las Vegas Raiders","Dallas Cowboys",26.6,17.2,403.9,305,22.2,25.8,362.7,383.4,19.7,26.2,-6.5,333.85,393.65,-59.8,45.9,16.3378378378378,15.1842105263158,17.2702702702703,11.4661654135338,"LV",-7
"174","2021_12_MIN_SF","SF","MIN",34,26,8,164,-183,7,7,60,-108,-102,49,-101,-110,"Brad Rogers","Jimmy Garoppolo","Kirk Cousins",0,"Sun","Minnesota Vikings","San Francisco 49ers",23.1,19.8,356.6,266.5,24.5,21.8,366,393.3,22.15,22.45,-0.300000000000004,316.25,374.95,-58.7,44.6,14.9387755102041,15.4372294372294,16.0530612244898,11.5367965367965,"SF",-3.5
"175","2021_12_NYJ_HOU","HOU","NYJ",14,21,-7,125,-138,7,7,35,-124,111,44.5,-103,-108,"Clete Blakeman","Tyrod Taylor","Zach Wilson",0,"Sun","New York Jets","Houston Texans",12.1,23.4,236.1,377.9,19.8,29,359.1,299.3,21.6,20.55,1.05,368.5,267.7,100.8,42.15,18.1363636363636,19.5123966942149,15.1161616161616,31.2314049586777,"NYJ",-3
"176","2021_12_PHI_NYG","NYG","PHI",13,7,6,-192,171,7,6,20,100,-110,45.5,-107,-104,"Ron Torbert","Daniel Jones","Jalen Hurts",0,"Sun","Philadelphia Eagles","New York Giants",16.2,29.4,296.8,363.8,26.8,27.6,358.9,283,28.1,21.9,6.2,361.35,289.9,71.45,50,13.3917910447761,18.320987654321,10.5597014925373,22.4567901234568,"NYG",4
"177","2021_12_PIT_CIN","CIN","PIT",41,10,31,154,-172,7,7,51,-111,-100,43.5,-102,-110,"Bill Vinovich","Joe Burrow","Ben Roethlisberger",0,"Sun","Pittsburgh Steelers","Cincinnati Bengals",25.1,22.1,316.4,360.6,20.8,19.8,318.2,321.8,21.45,22.45,-1,339.4,319.1,20.3,43.9,15.2980769230769,12.605577689243,15.4711538461538,14.3665338645418,"CIN",-3.5
"178","2021_12_SEA_WAS","WAS","SEA",17,15,2,-128,116,8,8,32,-121,108,47,-116,104,"Clay Martin","Taylor Heinicke","Russell Wilson",0,"Mon","Seattle Seahawks","Washington Commanders",19.1,26.7,328.9,306.7,25.8,22.4,327.5,377.2,26.25,20.75,5.5,317.1,353.05,-35.9499999999999,47,12.6937984496124,17.2198952879581,14.6201550387597,16.0575916230366,"WAS",1
"179","2021_12_TB_IND","IND","TB",31,38,-7,-149,135,6,7,69,101,-112,53,-109,-102,"Shawn Smith","Carson Wentz","Tom Brady",0,"Sun","Tampa Bay Buccaneers","Indianapolis Colts",25.4,24.6,345,308,32.4,18.2,404.7,325,28.5,21.8,6.7,356.35,335,21.35,50.3,12.4907407407407,13.5826771653543,10.0308641975309,12.1259842519685,"TB",3
"180","2021_12_TEN_NE","NE","TEN",36,13,23,262,-305,7,10,49,-118,106,43,-103,-108,"Alex Kemp","Mac Jones","Ryan Tannehill",0,"Sun","Tennessee Titans","New England Patriots",22,19.4,315,341.3,22.5,17,323.3,366.2,20.95,19.5,1.45,332.3,340.6,-8.30000000000001,40.45,14.3688888888889,14.3181818181818,16.2755555555556,15.5136363636364,"NE",-7.5
"181","2021_13_ARI_CHI","CHI","ARI",22,33,-11,-373,314,14,10,55,-116,104,43.5,-101,-110,"Jerome Boger","Andy Dalton","Taysom Kyler Murray",0,"Sun","Arizona Cardinals","Chicago Bears",17.6,28.1,304.9,374.9,22.8,29,351,391.1,25.45,23.3,2.15,362.95,348,14.95,48.75,15.3947368421053,17.3238636363636,17.1535087719298,21.3011363636364,"ARI",7.5
"182","2021_13_BAL_PIT","PIT","BAL",20,19,1,-195,174,7,7,39,-104,-107,44,-109,-102,"Scott Novak","Ben Roethlisberger","Lamar Jackson",0,"Sun","Baltimore Ravens","Pittsburgh Steelers",19.7,29.1,306,389.9,25.6,19,398.8,329.5,27.35,19.35,8,394.35,317.75,76.6,46.7,15.578125,15.5329949238579,12.87109375,19.7918781725888,"PIT",4
"183","2021_13_DAL_NO","NO","DAL",17,27,-10,-254,222,7,7,44,-110,100,46,-106,-105,"Brad Rogers","Taysom Hill","Dak Prescott",0,"Thu","Dallas Cowboys","New Orleans Saints",23.8,16.6,299.6,346.4,34.2,17.9,399,314.6,25.4,20.85,4.55,372.7,307.1,65.6,46.25,11.6666666666667,12.5882352941176,9.19883040935673,14.5546218487395,"DAL",6
"184","2021_13_DEN_KC","KC","DEN",22,9,13,323,-387,7,14,31,-106,-105,46.5,-108,-103,"Carl Cheffers","Patrick Mahomes","Teddy Bridgewater",0,"Sun","Denver Broncos","Kansas City Chiefs",30.6,25.3,440.6,353.9,20.8,17.2,323.9,317.5,23.05,23.9,-0.849999999999998,338.9,379.05,-40.15,46.95,15.5721153846154,14.3986928104575,15.2644230769231,11.5653594771242,"KC",-8.5
"185","2021_13_IND_HOU","HOU","IND",0,31,-31,-408,339,7,7,31,-105,-106,45.5,-107,-104,"Ron Torbert","Tyrod Taylor","Carson Wentz",0,"Sun","Indianapolis Colts","Houston Texans",12.1,23.4,236.1,377.9,27.6,21,349,322.7,25.5,16.55,8.95,363.45,279.4,84.05,42.05,12.6449275362319,19.5123966942149,11.6920289855072,31.2314049586777,"IND",10
"186","2021_13_JAX_LA","LA","JAX",37,7,30,597,-796,7,7,44,-103,-108,48,-109,-102,"Clete Blakeman","Matthew Stafford","Trevor Lawrence",0,"Sun","Jacksonville Jaguars","Los Angeles Rams",27.7,23.3,382.3,355,15.8,16.6,299.1,327.6,19.55,22.15,-2.6,327.05,354.95,-27.9,41.7,18.9303797468354,13.8014440433213,20.7341772151899,12.8158844765343,"LA",-14
"187","2021_13_LAC_CIN","CIN","LAC",22,41,-19,127,-141,7,7,63,104,-116,49.5,-101,-111,"Shawn Hochuli","Joe Burrow","Justin Herbert",0,"Sun","Los Angeles Chargers","Cincinnati Bengals",25.1,22.1,316.4,360.6,30.7,26.1,403.1,349.8,26.4,25.6,0.799999999999997,381.85,333.1,48.75,52,13.1302931596091,12.605577689243,11.3941368078176,14.3665338645418,"LAC",-2.5
"188","2021_13_MIN_DET","DET","MIN",29,27,2,-296,255,7,10,56,-104,-107,47.5,-107,-104,"Craig Wrolstad","Jared Goff","Kirk Cousins",0,"Sun","Minnesota Vikings","Detroit Lions",16.4,25.8,328.9,377.6,24.5,21.8,366,393.3,25.15,19.1,6.05,371.8,361.1,10.7,44.25,14.9387755102041,20.0548780487805,16.0530612244898,23.0243902439024,"DET",7
"189","2021_13_NE_BUF","BUF","NE",10,14,-4,132,-146,8,11,24,-116,104,40,-102,-109,"Bill Vinovich","Josh Allen","Mac Jones",0,"Mon","New England Patriots","Buffalo Bills",31.3,18.6,403.8,301.5,31.2,19.4,386.4,279.2,24.9,25.35,-0.450000000000003,343.95,341.5,2.44999999999999,50.25,12.3846153846154,12.9009584664537,8.94871794871795,9.63258785942492,"NE",-3
"190","2021_13_NYG_MIA","MIA","NYG",20,9,11,253,-293,7,7,29,108,-120,40,100,-111,"Brad Allen","Tua Tagovailoa","Mike Glennon",0,"Sun","New York Giants","Miami Dolphins",17.5,24.4,310.8,387.1,14,18.9,276.6,367,19.2,18.2,1,331.85,338.9,-7.04999999999995,37.4,19.7571428571429,17.76,26.2142857142857,22.12,"MIA",-6.5
"191","2021_13_PHI_NYJ","NYJ","PHI",18,33,-15,-199,177,7,7,51,102,-113,44,-102,-109,"Clay Martin","Zach Wilson","Gardner Minshew",0,"Sun","Philadelphia Eagles","New York Jets",16.5,30.4,247,302.9,26.8,27.6,358.9,283,28.6,22.05,6.55,330.9,265,65.9,50.65,13.3917910447761,14.969696969697,10.5597014925373,18.3575757575758,"PHI",5
"192","2021_13_SF_SEA","SEA","SF",30,23,7,-138,125,7,6,53,108,-120,44.5,-103,-108,"Alex Kemp","Russell Wilson","Jimmy Garoppolo",0,"Sun","San Francisco 49ers","Seattle Seahawks",21,20.8,320.7,380,25.4,21.9,367.9,304.3,23.1,21.45,1.65,373.95,312.5,61.45,44.55,14.4842519685039,15.2714285714286,11.9803149606299,18.0952380952381,"SEA",3
"193","2021_13_TB_ATL","ATL","TB",17,30,-13,-475,387,7,7,47,-103,-108,51,-107,-104,"Tony Corrente","Matt Ryan","Tom Brady",0,"Sun","Tampa Bay Buccaneers","Atlanta Falcons",20.7,25.7,326.1,393.5,32.4,18.2,404.7,325,29.05,19.45,9.6,399.1,325.55,73.55,48.5,12.4907407407407,15.7536231884058,10.0308641975309,19.0096618357488,"TB",11
"194","2021_13_WAS_LV","LV","WAS",15,17,-2,116,-128,6,10,32,108,-121,47.5,-114,103,"Adrian Hill","Derek Carr","Taylor Heinicke",0,"Sun","Washington Commanders","Las Vegas Raiders",21.4,25.9,367.2,353.5,20.4,24.3,317.8,314.8,23.15,22.85,0.299999999999997,335.65,341,-5.35000000000002,46,15.578431372549,17.1588785046729,15.4313725490196,16.518691588785,"WAS",-1
"195","2021_14_ATL_CAR","CAR","ATL",21,29,-8,123,-136,7,14,50,-104,-107,41,105,-116,"Shawn Smith","Cam Newton","Matt Ryan",0,"Sun","Atlanta Falcons","Carolina Panthers",17.7,26.5,288.9,348.3,15.1,22.6,271.9,369.6,20.8,20.15,0.650000000000002,310.1,329.25,-19.15,40.95,18.0066225165563,16.3220338983051,24.476821192053,19.6779661016949,"ATL",-2.5
"196","2021_14_BAL_CLE","CLE","BAL",24,22,2,135,-150,7,14,46,-104,-107,44,-103,-108,"Brad Rogers","Baker Mayfield","Lamar Jackson",0,"Sun","Baltimore Ravens","Cleveland Browns",22.4,25.3,349.4,334.6,25.6,19,398.8,329.5,25.45,20.7,4.75,366.7,339.45,27.2500000000001,46.15,15.578125,15.5982142857143,12.87109375,14.9375,"CLE",-3
"197","2021_14_BUF_TB","TB","BUF",33,27,6,161,-181,6,7,60,-106,-105,52.5,-101,-110,"Scott Novak","Tom Brady","Josh Allen",1,"Sun","Buffalo Bills","Tampa Bay Buccaneers",27.2,24,395.8,317,28.4,14.4,376.3,347.8,26.2,20.8,5.4,346.65,371.8,-25.15,47,13.25,14.5514705882353,12.2464788732394,11.6544117647059,"TB",-3.5
"198","2021_14_CHI_GB","GB","CHI",45,30,15,498,-639,7,14,75,-102,-109,43,103,-114,"Ron Torbert","Aaron Rodgers","Justin Fields",0,"Sun","Chicago Bears","Green Bay Packers",22.8,23.3,355,364.3,19.1,22.7,310.1,322.2,21.2,22.75,-1.55,337.2,338.6,-1.39999999999998,43.95,16.2356020942408,15.5701754385965,16.869109947644,15.9780701754386,"GB",-11.5
"199","2021_14_DAL_WAS","WAS","DAL",20,27,-7,-284,246,10,7,47,-115,103,48,-108,-103,"Alex Kemp","Taylor Heinicke","Dak Prescott",0,"Sun","Dallas Cowboys","Washington Commanders",19.1,26.7,328.9,306.7,34.2,17.9,399,314.6,30.45,18.5,11.95,352.85,321.75,31.1,48.95,11.6666666666667,17.2198952879581,9.19883040935673,16.0575916230366,"DAL",6.5
"200","2021_14_DET_DEN","DEN","DET",38,10,28,495,-635,7,7,48,-109,-102,42,-106,-105,"John Hussey","Teddy Bridgewater","Jared Goff",0,"Sun","Detroit Lions","Denver Broncos",18.5,19.3,337.9,311.6,22.1,27.3,315.5,419.3,20.7,22.9,-2.2,313.55,378.6,-65.05,43.6,14.2760180995475,18.2648648648649,18.972850678733,16.8432432432432,"DEN",-13
"201","2021_14_JAX_TEN","TEN","JAX",20,0,20,321,-384,7,14,20,-108,-103,44.5,-108,-103,"Bill Vinovich","Ryan Tannehill","Trevor Lawrence",0,"Sun","Jacksonville Jaguars","Tennessee Titans",26.3,25.4,367.8,364,15.8,16.6,299.1,327.6,20.6,21.45,-0.850000000000001,331.55,347.7,-16.15,42.05,18.9303797468354,13.9847908745247,20.7341772151899,13.8403041825095,"TEN",-8.5
"202","2021_14_LA_ARI","ARI","LA",23,30,-7,154,-172,8,8,53,104,-116,51,-106,-105,"Carl Cheffers","Kyler Murray","Matthew Stafford",0,"Mon","Los Angeles Rams","Arizona Cardinals",27.8,24.5,372.7,310.7,26.4,19.5,364.9,315.3,25.45,23.65,1.8,337.8,344,-6.20000000000005,49.1,13.8219696969697,13.4064748201439,11.9431818181818,11.1762589928058,"LA",-3
"203","2021_14_LV_KC","KC","LV",48,9,39,365,-444,7,7,57,-108,-103,48,-103,-108,"Brad Allen","Patrick Mahomes","Derek Carr",0,"Sun","Las Vegas Raiders","Kansas City Chiefs",30.6,25.3,440.6,353.9,22.2,25.8,362.7,383.4,23.75,28.2,-4.45,358.3,412,-53.7,51.95,16.3378378378378,14.3986928104575,17.2702702702703,11.5653594771242,"KC",-10
"204","2021_14_NO_NYJ","NYJ","NO",9,30,-21,-194,173,10,7,39,103,-114,42,-112,100,"Land Clark","Zach Wilson","Taysom Hill",0,"Sun","New Orleans Saints","New York Jets",16.5,30.4,247,302.9,18,24.1,311.6,307,24.2,20.3,3.9,307.25,277,30.25,44.5,17.3111111111111,14.969696969697,17.0555555555556,18.3575757575758,"NO",4.5
"205","2021_14_NYG_LAC","LAC","NYG",37,21,16,329,-395,7,7,58,-118,106,44,-108,-103,"Tony Corrente","Justin Herbert","Mike Glennon",0,"Sun","New York Giants","Los Angeles Chargers",24.8,28,375.8,368.6,14,18.9,276.6,367,21,21.85,-0.850000000000001,322.6,371.4,-48.8,42.85,19.7571428571429,15.1532258064516,26.2142857142857,14.8629032258065,"LAC",-9.5
"206","2021_14_PIT_MIN","MIN","PIT",36,28,8,157,-175,4,4,64,-117,105,45,-104,-107,"Clete Blakeman","Kirk Cousins","Ben Roethlisberger",0,"Thu","Pittsburgh Steelers","Minnesota Vikings",25.4,28,360,415.8,20.8,19.8,318.2,321.8,24.4,22.6,1.8,367,340.9,26.1,47,15.2980769230769,14.1732283464567,15.4711538461538,16.3700787401575,"MIN",-3.5
"207","2021_14_SEA_HOU","HOU","SEA",13,33,-20,-401,334,7,7,46,104,-116,40.5,105,-117,"Adrian Hill","Davis Mills","Russell Wilson",0,"Sun","Seattle Seahawks","Houston Texans",12.1,23.4,236.1,377.9,25.8,22.4,327.5,377.2,24.6,17.25,7.35,352.7,306.65,46.05,41.85,12.6937984496124,19.5123966942149,14.6201550387597,31.2314049586777,"SEA",10
"208","2021_14_SF_CIN","CIN","SF",23,26,-3,-130,117,7,7,49,-103,-108,49,-103,-108,"Craig Wrolstad","Joe Burrow","Jimmy Garoppolo",1,"Sun","San Francisco 49ers","Cincinnati Bengals",25.1,22.1,316.4,360.6,25.4,21.9,367.9,304.3,23.75,23.5,0.25,364.25,310.35,53.9,47.25,14.4842519685039,12.605577689243,11.9803149606299,14.3665338645418,"SF",2.5
"209","2021_15_ARI_DET","DET","ARI",30,12,18,-634,495,6,7,42,-102,-109,48,-107,-104,"Land Clark","Jared Goff","Kyler Murray",0,"Sun","Arizona Cardinals","Detroit Lions",16.4,25.8,328.9,377.6,22.8,29,351,391.1,24.3,22.7,1.6,364.3,360,4.30000000000001,47,15.3947368421053,20.0548780487805,17.1535087719298,23.0243902439024,"DET",13
"210","2021_15_ATL_SF","SF","ATL",31,13,18,319,-380,7,7,44,-114,102,48,-106,-105,"Clay Martin","Jimmy Garoppolo","Matt Ryan",0,"Sun","Atlanta Falcons","San Francisco 49ers",23.1,19.8,356.6,266.5,15.1,22.6,271.9,369.6,17.45,22.85,-5.4,269.2,363.1,-93.9,40.3,18.0066225165563,15.4372294372294,24.476821192053,11.5367965367965,"SF",-9.5
"211","2021_15_CAR_BUF","BUF","CAR",31,14,17,562,-739,7,7,45,102,-114,43,-107,-104,"Clete Blakeman","Josh Allen","Cam Newton",0,"Sun","Carolina Panthers","Buffalo Bills",31.3,18.6,403.8,301.5,18.1,18.7,310.1,339.3,18.35,25,-6.65,305.8,371.55,-65.75,43.35,17.1325966850829,12.9009584664537,18.7458563535912,9.63258785942492,"BUF",-14
"212","2021_15_CIN_DEN","DEN","CIN",10,15,-5,140,-155,7,7,25,-110,-101,45,-123,110,"Adrian Hill","Teddy Bridgewater","Joe Burrow",0,"Sun","Cincinnati Bengals","Denver Broncos",18.5,19.3,337.9,311.6,27.6,18.3,398.2,296.7,23.45,18.4,5.05,354.9,317.3,37.6,41.85,14.4275362318841,18.2648648648649,10.75,16.8432432432432,"CIN",-3
"213","2021_15_DAL_NYG","NYG","DAL",6,21,-15,-534,428,7,7,27,-120,108,43,104,-116,"Jerome Boger","Mike Glennon","Dak Prescott",0,"Sun","Dallas Cowboys","New York Giants",16.2,29.4,296.8,363.8,34.2,17.9,399,314.6,31.8,17.05,14.75,381.4,305.7,75.6999999999999,48.85,11.6666666666667,18.320987654321,9.19883040935673,22.4567901234568,"DAL",11.5
"214","2021_15_GB_BAL","BAL","GB",30,31,-1,-354,299,7,7,61,104,-116,45.5,-109,-102,"Brad Allen","Tyler Huntley","Aaron Rodgers",0,"Sun","Green Bay Packers","Baltimore Ravens",19.6,19.4,356.4,331.1,28.3,23.2,364.4,321.2,23.85,21.4,2.45,347.75,338.8,8.95000000000005,45.25,12.8763250883392,18.1836734693878,11.3498233215548,16.8928571428571,"GB",9.5
"215","2021_15_HOU_JAX","JAX","HOU",16,30,-14,224,-257,7,7,46,-111,-101,40,-105,-106,"Alex Kemp","Trevor Lawrence","Davis Mills",0,"Sun","Houston Texans","Jacksonville Jaguars",14.1,26.4,310.9,394.4,20.3,25,315.3,383,23.35,19.55,3.8,354.85,346.95,7.90000000000003,42.9,15.5320197044335,22.0496453900709,18.8669950738916,27.9716312056738,"HOU",-6
"216","2021_15_KC_LAC","LAC","KC",28,34,-6,-173,155,4,4,62,-117,105,54,-113,101,"Shawn Smith","Justin Herbert","Patrick Mahomes",1,"Thu","Kansas City Chiefs","Los Angeles Chargers",24.8,28,375.8,368.6,28.6,20.2,385.5,327.3,28.3,22.5,5.8,377.05,351.55,25.5,50.8,13.479020979021,15.1532258064516,11.4440559440559,14.8629032258065,"KC",3
"217","2021_15_LV_CLE","CLE","LV",14,16,-2,-147,131,7,7,30,-102,-109,41,-100,-111,"Craig Wrolstad","Nick Mullens","Derek Carr",0,"Mon","Las Vegas Raiders","Cleveland Browns",22.4,25.3,349.4,334.6,22.2,25.8,362.7,383.4,23.75,24.1,-0.350000000000001,348.65,366.4,-17.75,47.85,16.3378378378378,15.5982142857143,17.2702702702703,14.9375,"LV",3
"218","2021_15_MIN_CHI","CHI","MIN",9,17,-8,-320,274,11,8,26,-114,102,48,-114,103,"Scott Novak","Justin Fields","Kirk Cousins",0,"Mon","Minnesota Vikings","Chicago Bears",17.6,28.1,304.9,374.9,24.5,21.8,366,393.3,26.3,19.7,6.6,370.45,349.1,21.35,46,14.9387755102041,17.3238636363636,16.0530612244898,21.3011363636364,"MIN",7
"219","2021_15_NE_IND","IND","NE",27,17,10,-102,-109,13,14,44,-101,-110,46,103,-115,NA,"Carson Wentz","Mac Jones",0,"Sat","New England Patriots","Indianapolis Colts",25.4,24.6,345,308,31.2,19.4,386.4,279.2,27.9,22.4,5.5,347.2,312.1,35.1,50.3,12.3846153846154,13.5826771653543,8.94871794871795,12.1259842519685,"IND",1
"220","2021_15_NO_TB","TB","NO",0,9,-9,417,-518,7,7,9,-101,-110,45.5,-101,-110,"John Hussey","Tom Brady","Taysom Hill",0,"Sun","New Orleans Saints","Tampa Bay Buccaneers",27.2,24,395.8,317,18,24.1,311.6,307,21,25.65,-4.65,314.3,351.4,-37.1,46.65,17.3111111111111,14.5514705882353,17.0555555555556,11.6544117647059,"NO",-11.5
"221","2021_15_NYJ_MIA","MIA","NYJ",31,24,7,366,-445,7,14,55,-114,102,42,-104,-107,"Ron Torbert","Tua Tagovailoa","Zach Wilson",0,"Sun","New York Jets","Miami Dolphins",17.5,24.4,310.8,387.1,19.8,29,359.1,299.3,22.1,23.25,-1.15,373.1,305.05,68.05,45.35,18.1363636363636,17.76,15.1161616161616,22.12,"MIA",-10.5
"222","2021_15_SEA_LA","LA","SEA",20,10,10,298,-352,7,6,30,-120,108,47,-101,-110,"Shawn Hochuli","Matthew Stafford","Russell Wilson",0,"Tue","Seattle Seahawks","Los Angeles Rams",27.7,23.3,382.3,355,25.8,22.4,327.5,377.2,24.55,25.05,-0.499999999999996,341.25,379.75,-38.5,49.6,12.6937984496124,13.8014440433213,14.6201550387597,12.8158844765343,"LA",-7.5
"223","2021_15_TEN_PIT","PIT","TEN",19,13,6,109,-121,7,10,32,102,-114,44,-105,-106,"Brad Rogers","Ben Roethlisberger","Ryan Tannehill",0,"Sun","Tennessee Titans","Pittsburgh Steelers",19.7,29.1,306,389.9,22.5,17,323.3,366.2,25.8,18.35,7.45,356.6,336.1,20.5,44.15,14.3688888888889,15.5329949238579,16.2755555555556,19.7918781725888,"PIT",-1
"224","2021_15_WAS_PHI","PHI","WAS",27,17,10,380,-465,7,14,44,-101,-110,39.5,-110,-101,"Tony Corrente","Jalen Hurts","Garrett Gilbert",0,"Tue","Washington Commanders","Philadelphia Eagles",24.5,19.5,358.7,313.3,20.4,24.3,317.8,314.8,19.95,24.4,-4.45,315.55,336.75,-21.2,44.35,15.578431372549,14.6408163265306,15.4313725490196,12.7877551020408,"PHI",-10
"225","2021_16_BAL_CIN","CIN","BAL",41,21,20,306,-369,7,7,62,-102,-109,43,102,-114,"Clete Blakeman","Joe Burrow","Josh Johnson",0,"Sun","Baltimore Ravens","Cincinnati Bengals",25.1,22.1,316.4,360.6,25.6,19,398.8,329.5,23.85,22.05,1.8,379.7,322.95,56.7500000000001,45.9,15.578125,12.605577689243,12.87109375,14.3665338645418,"CIN",-7.5
"226","2021_16_BUF_NE","NE","BUF",21,33,-12,102,-114,7,7,54,-106,-105,43.5,-105,-106,"Shawn Smith","Mac Jones","Josh Allen",0,"Sun","Buffalo Bills","New England Patriots",22,19.4,315,341.3,28.4,14.4,376.3,347.8,23.9,18.2,5.7,358.8,331.4,27.4,42.1,13.25,14.3181818181818,12.2464788732394,15.5136363636364,"BUF",-1
"227","2021_16_CHI_SEA","SEA","CHI",24,25,-1,268,-313,6,7,49,-103,-108,41,-109,-102,"Carl Cheffers","Russell Wilson","Nick Foles",0,"Sun","Chicago Bears","Seattle Seahawks",21,20.8,320.7,380,19.1,22.7,310.1,322.2,19.95,21.85,-1.9,345.05,321.45,23.6,41.8,16.2356020942408,15.2714285714286,16.869109947644,18.0952380952381,"CHI",-7
"228","2021_16_CLE_GB","GB","CLE",24,22,2,343,-430,6,6,46,101,-112,46.5,-100,-111,"Alex Kemp","Aaron Rodgers","Baker Mayfield",0,"Sat","Cleveland Browns","Green Bay Packers",22.8,23.3,355,364.3,18.9,24.3,332.9,354.7,21.1,23.55,-2.45,348.6,354.85,-6.25,44.65,17.6137566137566,15.5701754385965,18.7671957671958,15.9780701754386,"GB",-7.5
"229","2021_16_DEN_LV","LV","DEN",17,13,4,-109,-102,7,7,30,-101,-110,42,-113,101,"Scott Novak","Derek Carr","Drew Lock",0,"Sun","Denver Broncos","Las Vegas Raiders",21.4,25.9,367.2,353.5,20.8,17.2,323.9,317.5,23.35,19.3,4.05,338.7,342.35,-3.65000000000003,42.65,15.5721153846154,17.1588785046729,15.2644230769231,16.518691588785,"LV",1
"230","2021_16_DET_ATL","ATL","DET",20,16,4,309,-373,7,7,36,-106,-105,42.5,102,-113,"Ron Torbert","Matt Ryan","Tim Boyle",0,"Sun","Detroit Lions","Atlanta Falcons",20.7,25.7,326.1,393.5,22.1,27.3,315.5,419.3,23.9,24,-0.100000000000001,354.5,372.7,-18.2,47.9,14.2760180995475,15.7536231884058,18.972850678733,19.0096618357488,"ATL",-7.5
"231","2021_16_IND_ARI","ARI","IND",16,22,-6,143,-161,6,6,38,102,-114,48,-106,-105,"Craig Wrolstad","Kyler Murray","Carson Wentz",0,"Sat","Indianapolis Colts","Arizona Cardinals",27.8,24.5,372.7,310.7,27.6,21,349,322.7,26.05,24.4,1.65,329.85,347.7,-17.85,50.45,12.6449275362319,13.4064748201439,11.6920289855072,11.1762589928058,"IND",-3
"232","2021_16_JAX_NYJ","NYJ","JAX",26,21,5,114,-125,7,7,47,-111,100,42.5,106,-118,"Tony Corrente","Zach Wilson","Trevor Lawrence",0,"Sun","Jacksonville Jaguars","New York Jets",16.5,30.4,247,302.9,15.8,16.6,299.1,327.6,23.1,16.55,6.55,301,287.3,13.7,39.65,18.9303797468354,14.969696969697,20.7341772151899,18.3575757575758,"NYJ",-2.5
"233","2021_16_LA_MIN","MIN","LA",23,30,-7,-177,158,7,6,53,-103,-108,48.5,-100,-111,"John Hussey","Kirk Cousins","Matthew Stafford",0,"Sun","Los Angeles Rams","Minnesota Vikings",25.4,28,360,415.8,26.4,19.5,364.9,315.3,27.2,22.45,4.75,390.35,337.65,52.7,49.65,13.8219696969697,14.1732283464567,11.9431818181818,16.3700787401575,"LA",3.5
"234","2021_16_LAC_HOU","HOU","LAC",41,29,12,-661,500,10,7,70,102,-114,46,-108,-103,"Clay Martin","Davis Mills","Justin Herbert",0,"Sun","Los Angeles Chargers","Houston Texans",12.1,23.4,236.1,377.9,30.7,26.1,403.1,349.8,27.05,19.1,7.95,390.5,292.95,97.55,46.15,13.1302931596091,19.5123966942149,11.3941368078176,31.2314049586777,"HOU",13.5
"235","2021_16_MIA_NO","NO","MIA",3,20,-17,-160,143,8,8,23,-110,-101,37.5,-105,-106,"Adrian Hill","Ian Book","Tua Tagovailoa",0,"Mon","Miami Dolphins","New Orleans Saints",23.8,16.6,299.6,346.4,22.3,19.8,303.7,308.3,19.45,21.8,-2.35,325.05,303.95,21.0999999999999,41.25,13.6188340807175,12.5882352941176,13.8251121076233,14.5546218487395,"MIA",3
"236","2021_16_NYG_PHI","PHI","NYG",34,10,24,416,-529,7,7,44,-108,-103,41,-105,-106,"Land Clark","Jalen Hurts","Jake Fromm",0,"Sun","New York Giants","Philadelphia Eagles",24.5,19.5,358.7,313.3,14,18.9,276.6,367,16.75,21.7,-4.95,294.95,362.85,-67.9,38.45,19.7571428571429,14.6408163265306,26.2142857142857,12.7877551020408,"PHI",-11
"237","2021_16_PIT_KC","KC","PIT",36,10,26,328,-400,7,10,46,-114,102,44,-103,-109,"Jerome Boger","Patrick Mahomes","Ben Roethlisberger",0,"Sun","Pittsburgh Steelers","Kansas City Chiefs",30.6,25.3,440.6,353.9,20.8,19.8,318.2,321.8,23.05,25.2,-2.15,336.05,381.2,-45.1500000000001,48.25,15.2980769230769,14.3986928104575,15.4711538461538,11.5653594771242,"KC",-10.5
"238","2021_16_SF_TEN","TEN","SF",20,17,3,-171,154,4,4,37,108,-120,45.5,-116,104,"Shawn Hochuli","Ryan Tannehill","Jimmy Garoppolo",0,"Thu","San Francisco 49ers","Tennessee Titans",26.3,25.4,367.8,364,25.4,21.9,367.9,304.3,25.4,24.1,1.3,365.95,336.05,29.9,49.5,14.4842519685039,13.9847908745247,11.9803149606299,13.8403041825095,"TEN",3.5
"239","2021_16_TB_CAR","CAR","TB",6,32,-26,-503,399,7,7,38,105,-117,44.5,-113,101,"Brad Allen","Sam Darnold","Tom Brady",0,"Sun","Tampa Bay Buccaneers","Carolina Panthers",17.7,26.5,288.9,348.3,32.4,18.2,404.7,325,29.45,17.95,11.5,376.5,306.95,69.55,47.4,12.4907407407407,16.3220338983051,10.0308641975309,19.6779661016949,"TB",11.5
"240","2021_16_WAS_DAL","DAL","WAS",56,14,42,367,-457,7,7,70,-113,101,45.5,101,-112,"Bill Vinovich","Dak Prescott","Taylor Heinicke",0,"Sun","Washington Commanders","Dallas Cowboys",26.6,17.2,403.9,305,20.4,24.3,317.8,314.8,18.8,25.45,-6.65000000000001,311.4,359.35,-47.95,44.25,15.578431372549,15.1842105263158,15.4313725490196,11.4661654135338,"DAL",-10.5
"241","2021_17_ARI_DAL","DAL","ARI",22,25,-3,225,-262,8,7,47,-103,-108,53,-104,-107,"Scott Novak","Dak Prescott","Kyler Murray",0,"Sun","Arizona Cardinals","Dallas Cowboys",26.6,17.2,403.9,305,22.8,29,351,391.1,20,27.8,-7.8,328,397.5,-69.5,47.8,15.3947368421053,15.1842105263158,17.1535087719298,11.4661654135338,"ARI",-6.5
"242","2021_17_ATL_BUF","BUF","ATL",29,15,14,625,-871,7,7,44,-101,-111,46.5,-103,-108,"Land Clark","Josh Allen","Matt Ryan",0,"Sun","Atlanta Falcons","Buffalo Bills",31.3,18.6,403.8,301.5,15.1,22.6,271.9,369.6,16.85,26.95,-10.1,286.7,386.7,-100,43.8,18.0066225165563,12.9009584664537,24.476821192053,9.63258785942492,"BUF",-14
"243","2021_17_CAR_NO","NO","CAR",18,10,8,238,-279,7,6,28,-110,-101,37,100,-112,"Jerome Boger","Taysom Hill","Sam Darnold",0,"Sun","Carolina Panthers","New Orleans Saints",23.8,16.6,299.6,346.4,18.1,18.7,310.1,339.3,17.35,21.25,-3.9,328.25,319.45,8.79999999999995,38.6,17.1325966850829,12.5882352941176,18.7458563535912,14.5546218487395,"NO",-7
"244","2021_17_CLE_PIT","PIT","CLE",26,14,12,-117,105,9,8,40,-110,-101,43.5,-111,-100,"Brad Allen","Ben Roethlisberger","Baker Mayfield",0,"Mon","Cleveland Browns","Pittsburgh Steelers",19.7,29.1,306,389.9,18.9,24.3,332.9,354.7,24,22,2,361.4,330.35,31.05,46,17.6137566137566,15.5329949238579,18.7671957671958,19.7918781725888,"PIT",1
"245","2021_17_DEN_LAC","LAC","DEN",34,13,21,285,-340,7,7,47,-117,105,45.5,-108,-103,"Craig Wrolstad","Justin Herbert","Drew Lock",0,"Sun","Denver Broncos","Los Angeles Chargers",24.8,28,375.8,368.6,20.8,17.2,323.9,317.5,24.4,21,3.4,346.25,346.65,-0.399999999999977,45.4,15.5721153846154,15.1532258064516,15.2644230769231,14.8629032258065,"LAC",-8
"246","2021_17_DET_SEA","SEA","DET",51,29,22,327,-399,7,7,80,103,-114,41.5,-111,-101,"Tony Corrente","Russell Wilson","Tim Boyle",0,"Sun","Detroit Lions","Seattle Seahawks",21,20.8,320.7,380,22.1,27.3,315.5,419.3,21.45,24.15,-2.7,347.75,370,-22.25,45.6,14.2760180995475,15.2714285714286,18.972850678733,18.0952380952381,"SEA",-8.5
"247","2021_17_HOU_SF","SF","HOU",23,7,16,463,-602,7,10,30,-113,101,44,-102,-109,"Carl Cheffers","Trey Lance","Davis Mills",0,"Sun","Houston Texans","San Francisco 49ers",23.1,19.8,356.6,266.5,20.3,25,315.3,383,20.05,24.05,-4,290.9,369.8,-78.9,44.1,15.5320197044335,15.4372294372294,18.8669950738916,11.5367965367965,"SF",-14
"248","2021_17_JAX_NE","NE","JAX",50,10,40,727,-1056,7,7,60,-109,-102,42,-108,-103,"Adrian Hill","Mac Jones","Trevor Lawrence",0,"Sun","Jacksonville Jaguars","New England Patriots",22,19.4,315,341.3,15.8,16.6,299.1,327.6,17.6,19.3,-1.7,320.2,321.3,-1.09999999999997,36.9,18.9303797468354,14.3181818181818,20.7341772151899,15.5136363636364,"NE",-17.5
"249","2021_17_KC_CIN","CIN","KC",34,31,3,-178,157,7,7,65,-103,-108,51,-102,-110,"John Hussey","Joe Burrow","Patrick Mahomes",0,"Sun","Kansas City Chiefs","Cincinnati Bengals",25.1,22.1,316.4,360.6,28.6,20.2,385.5,327.3,25.35,22.65,2.7,373.05,321.85,51.2,48,13.479020979021,12.605577689243,11.4440559440559,14.3665338645418,"CIN",3.5
"250","2021_17_LA_BAL","BAL","LA",19,20,-1,-313,264,7,7,39,-110,-101,47,-108,-103,"Bill Vinovich","Tyler Huntley","Matthew Stafford",0,"Sun","Los Angeles Rams","Baltimore Ravens",19.6,19.4,356.4,331.1,26.4,19.5,364.9,315.3,22.9,19.55,3.35,348,335.85,12.15,42.45,13.8219696969697,18.1836734693878,11.9431818181818,16.8928571428571,"LA",7
"251","2021_17_LV_IND","IND","LV",20,23,-3,325,-397,7,8,43,100,-112,46.5,101,-113,"Brad Rogers","Carson Wentz","Derek Carr",0,"Sun","Las Vegas Raiders","Indianapolis Colts",25.4,24.6,345,308,22.2,25.8,362.7,383.4,23.4,25.6,-2.2,335.35,364.2,-28.85,49,16.3378378378378,13.5826771653543,17.2702702702703,12.1259842519685,"LV",-8.5
"252","2021_17_MIA_TEN","TEN","MIA",34,3,31,151,-170,6,10,37,106,-118,41,-104,-107,"Shawn Smith","Ryan Tannehill","Tua Tagovailoa",0,"Sun","Miami Dolphins","Tennessee Titans",26.3,25.4,367.8,364,22.3,19.8,303.7,308.3,23.85,23.05,0.800000000000001,333.85,338.05,-4.19999999999999,46.9,13.6188340807175,13.9847908745247,13.8251121076233,13.8403041825095,"TEN",-3
"253","2021_17_MIN_GB","GB","MIN",37,10,27,525,-702,7,8,47,-116,105,42,-100,-111,"Clay Martin","Aaron Rodgers","Sean Mannion",0,"Sun","Minnesota Vikings","Green Bay Packers",22.8,23.3,355,364.3,24.5,21.8,366,393.3,23.9,22.3,1.6,365.15,374.15,-9,46.2,14.9387755102041,15.5701754385965,16.0530612244898,15.9780701754386,"GB",-13
"254","2021_17_NYG_CHI","CHI","NYG",29,3,26,245,-287,7,7,32,-115,104,36.5,-102,-109,"Shawn Hochuli","Andy Dalton","Mike Glennon",0,"Sun","New York Giants","Chicago Bears",17.6,28.1,304.9,374.9,14,18.9,276.6,367,21.05,18.25,2.8,325.75,335.95,-10.2,39.3,19.7571428571429,17.3238636363636,26.2142857142857,21.3011363636364,"CHI",-7
"255","2021_17_PHI_WAS","WAS","PHI",16,20,-4,-238,206,7,7,36,103,-115,44.5,102,-113,"Clete Blakeman","Taylor Heinicke","Jalen Hurts",0,"Sun","Philadelphia Eagles","Washington Commanders",19.1,26.7,328.9,306.7,26.8,27.6,358.9,283,26.75,23.35,3.4,332.8,305.95,26.85,50.1,13.3917910447761,17.2198952879581,10.5597014925373,16.0575916230366,"PHI",6.5
"256","2021_17_TB_NYJ","NYJ","TB",24,28,-4,-868,623,7,7,52,-101,-110,48,-104,-107,"Alex Kemp","Zach Wilson","Tom Brady",0,"Sun","Tampa Bay Buccaneers","New York Jets",16.5,30.4,247,302.9,32.4,18.2,404.7,325,31.4,17.35,14.05,353.8,286,67.8,48.75,12.4907407407407,14.969696969697,10.0308641975309,18.3575757575758,"TB",14.5
"257","2021_18_CAR_TB","TB","CAR",41,17,24,375,-510,7,7,58,-110,-110,43,-105,-115,"Tony Corrente","Tom Brady","Sam Darnold",0,"Sun","Carolina Panthers","Tampa Bay Buccaneers",27.2,24,395.8,317,18.1,18.7,310.1,339.3,21.05,22.95,-1.9,313.55,367.55,-54,44,17.1325966850829,14.5514705882353,18.7458563535912,11.6544117647059,"TB",-11
"258","2021_18_CHI_MIN","MIN","CHI",31,17,14,160,-190,7,7,48,-110,-110,45.5,-110,-110,"Brad Allen","Kirk Cousins","Andy Dalton",0,"Sun","Chicago Bears","Minnesota Vikings",25.4,28,360,415.8,19.1,22.7,310.1,322.2,23.55,24.05,-0.499999999999996,362.95,341.1,21.85,47.6,16.2356020942408,14.1732283464567,16.869109947644,16.3700787401575,"MIN",-3.5
"259","2021_18_CIN_CLE","CLE","CIN",21,16,5,215,-265,7,6,37,-110,-110,38,-110,-110,"Bill Vinovich","Case Keenum","Brandon Allen",0,"Sun","Cincinnati Bengals","Cleveland Browns",22.4,25.3,349.4,334.6,27.6,18.3,398.2,296.7,26.45,20.35,6.1,366.4,323.05,43.35,46.8,14.4275362318841,15.5982142857143,10.75,14.9375,"CLE",-6.5
"260","2021_18_DAL_PHI","PHI","DAL",26,51,-25,-300,235,7,7,77,-110,-110,46,-110,-110,"Ron Torbert","Gardner Minshew","Dak Prescott",0,"Sat","Dallas Cowboys","Philadelphia Eagles",24.5,19.5,358.7,313.3,34.2,17.9,399,314.6,26.85,21.2,5.65,356.15,336.65,19.5,48.05,11.6666666666667,14.6408163265306,9.19883040935673,12.7877551020408,"DAL",6.5
"261","2021_18_GB_DET","DET","GB",37,30,7,-195,165,7,7,67,-110,-110,45,-115,-105,"Scott Novak","Jared Goff","Aaron Rodgers",0,"Sun","Green Bay Packers","Detroit Lions",16.4,25.8,328.9,377.6,28.3,23.2,364.4,321.2,27.05,19.8,7.25,371,325.05,45.95,46.85,12.8763250883392,20.0548780487805,11.3498233215548,23.0243902439024,"DET",4
"262","2021_18_IND_JAX","JAX","IND",26,11,15,-1000,650,7,7,37,-110,-110,43,-110,-110,"Clay Martin","Trevor Lawrence","Carson Wentz",0,"Sun","Indianapolis Colts","Jacksonville Jaguars",14.1,26.4,310.9,394.4,27.6,21,349,322.7,27,17.55,9.45,371.7,316.8,54.9,44.55,12.6449275362319,22.0496453900709,11.6920289855072,27.9716312056738,"JAX",14
"263","2021_18_KC_DEN","DEN","KC",24,28,-4,-600,435,7,7,52,-110,-110,44.5,-110,-110,"Brad Rogers","Drew Lock","Patrick Mahomes",0,"Sat","Kansas City Chiefs","Denver Broncos",18.5,19.3,337.9,311.6,28.6,20.2,385.5,327.3,23.95,19.35,4.6,348.55,332.6,15.95,43.3,13.479020979021,18.2648648648649,11.4440559440559,16.8432432432432,"KC",11.5
"264","2021_18_LAC_LV","LV","LAC",35,32,3,-180,155,7,7,67,-110,-110,48,-110,-110,"Clete Blakeman","Derek Carr","Justin Herbert",1,"Sun","Los Angeles Chargers","Las Vegas Raiders",21.4,25.9,367.2,353.5,30.7,26.1,403.1,349.8,28.3,23.75,4.55,378.3,358.5,19.8,52.05,13.1302931596091,17.1588785046729,11.3941368078176,16.518691588785,"LV",3.5
"265","2021_18_NE_MIA","MIA","NE",33,24,9,-250,200,7,7,57,-110,-110,41,-110,-110,"Alex Kemp","Tua Tagovailoa","Mac Jones",0,"Sun","New England Patriots","Miami Dolphins",17.5,24.4,310.8,387.1,31.2,19.4,386.4,279.2,27.8,18.45,9.35,386.75,295,91.75,46.25,12.3846153846154,17.76,8.94871794871795,22.12,"MIA",6
"266","2021_18_NO_ATL","ATL","NO",20,30,-10,-213,186,7,7,50,-111,-100,40,102,-113,"Craig Wrolstad","Matt Ryan","Taysom Hill",0,"Sun","New Orleans Saints","Atlanta Falcons",20.7,25.7,326.1,393.5,18,24.1,311.6,307,21.85,22.4,-0.549999999999997,352.55,316.55,36,44.25,17.3111111111111,15.7536231884058,17.0555555555556,19.0096618357488,"NO",4.5
"267","2021_18_NYJ_BUF","BUF","NYJ",27,10,17,750,-1250,7,7,37,-110,-110,43,-110,-110,"John Hussey","Josh Allen","Zach Wilson",0,"Sun","New York Jets","Buffalo Bills",31.3,18.6,403.8,301.5,19.8,29,359.1,299.3,19.2,30.15,-10.95,330.3,351.55,-21.25,49.35,18.1363636363636,12.9009584664537,15.1161616161616,9.63258785942492,"BUF",-16
"268","2021_18_PIT_BAL","BAL","PIT",13,16,-3,135,-155,6,7,29,-110,-110,41,-115,-105,"Shawn Hochuli","Tyler Huntley","Ben Roethlisberger",1,"Sun","Pittsburgh Steelers","Baltimore Ravens",19.6,19.4,356.4,331.1,20.8,19.8,318.2,321.8,20.1,19.7,0.399999999999999,324.65,339.1,-14.45,39.8,15.2980769230769,18.1836734693878,15.4711538461538,16.8928571428571,"PIT",-3
"269","2021_18_SEA_ARI","ARI","SEA",30,38,-8,190,-235,7,7,68,-110,-110,48,100,-120,"Shawn Smith","Kyler Murray","Russell Wilson",0,"Sun","Seattle Seahawks","Arizona Cardinals",27.8,24.5,372.7,310.7,25.8,22.4,327.5,377.2,25.15,25.1,0.0499999999999972,319.1,374.95,-55.85,50.25,12.6937984496124,13.4064748201439,14.6201550387597,11.1762589928058,"SEA",-5.5
"270","2021_18_SF_LA","LA","SF",24,27,-3,150,-170,7,7,51,-105,-115,46.5,-115,-105,"Jerome Boger","Matthew Stafford","Jimmy Garoppolo",1,"Sun","San Francisco 49ers","Los Angeles Rams",27.7,23.3,382.3,355,25.4,21.9,367.9,304.3,24.35,24.8,-0.449999999999996,361.45,343.3,18.15,49.15,14.4842519685039,13.8014440433213,11.9803149606299,12.8158844765343,"SF",-3
"271","2021_18_TEN_HOU","HOU","TEN",25,28,-3,-575,410,7,7,53,-105,-115,43,-110,-110,"Land Clark","Davis Mills","Ryan Tannehill",0,"Sun","Tennessee Titans","Houston Texans",12.1,23.4,236.1,377.9,22.5,17,323.3,366.2,22.95,14.55,8.4,350.6,301.15,49.45,37.5,14.3688888888889,19.5123966942149,16.2755555555556,31.2314049586777,"TEN",10.5
"272","2021_18_WAS_NYG","NYG","WAS",7,22,-15,-238,206,7,7,29,-102,-109,36,-100,-111,"Adrian Hill","Jake Fromm","Taylor Heinicke",0,"Sun","Washington Commanders","New York Giants",16.2,29.4,296.8,363.8,20.4,24.3,317.8,314.8,24.9,20.25,4.65,340.8,305.8,35,45.15,15.578431372549,18.320987654321,15.4313725490196,22.4567901234568,"WAS",6
"273","2021_19_ARI_LA","LA","ARI",34,11,23,158,-179,8,8,45,-117,105,49.5,-103,-109,"Clay Martin","Matthew Stafford","Kyler Murray",0,"Mon","Arizona Cardinals","Los Angeles Rams",27.7,23.3,382.3,355,22.8,29,351,391.1,23.05,28.35,-5.3,353,386.7,-33.7,51.4,15.3947368421053,13.8014440433213,17.1535087719298,12.8158844765343,"LA",-4
"274","2021_19_LV_CIN","CIN","LV",26,19,7,214,-248,6,6,45,-103,-109,48.5,-106,-105,"Jerome Boger","Joe Burrow","Derek Carr",0,"Sat","Las Vegas Raiders","Cincinnati Bengals",25.1,22.1,316.4,360.6,22.2,25.8,362.7,383.4,22.15,25.45,-3.3,361.65,349.9,11.75,47.6,16.3378378378378,12.605577689243,17.2702702702703,14.3665338645418,"CIN",-6
"275","2021_19_NE_BUF","BUF","NE",47,17,30,181,-207,6,6,64,-111,-100,43,-111,-101,"Brad Allen","Josh Allen","Mac Jones",0,"Sat","New England Patriots","Buffalo Bills",31.3,18.6,403.8,301.5,31.2,19.4,386.4,279.2,24.9,25.35,-0.450000000000003,343.95,341.5,2.44999999999999,50.25,12.3846153846154,12.9009584664537,8.94871794871795,9.63258785942492,"BUF",-4.5
"276","2021_19_PHI_TB","TB","PHI",31,15,16,293,-352,8,7,46,-107,-104,45.5,100,-112,"Craig Wrolstad","Tom Brady","Jalen Hurts",0,"Sun","Philadelphia Eagles","Tampa Bay Buccaneers",27.2,24,395.8,317,26.8,27.6,358.9,283,25.4,27.4,-2,337.95,339.4,-1.44999999999999,52.8,13.3917910447761,14.5514705882353,10.5597014925373,11.6544117647059,"TB",-7.5
"277","2021_19_PIT_KC","KC","PIT",42,21,21,522,-697,7,8,63,-124,111,46,-107,-104,"Shawn Smith","Patrick Mahomes","Ben Roethlisberger",0,"Sun","Pittsburgh Steelers","Kansas City Chiefs",30.6,25.3,440.6,353.9,20.8,19.8,318.2,321.8,23.05,25.2,-2.15,336.05,381.2,-45.1500000000001,48.25,15.2980769230769,14.3986928104575,15.4711538461538,11.5653594771242,"KC",-13
"278","2021_19_SF_DAL","DAL","SF",17,23,-6,144,-162,7,8,40,100,-112,51,-111,100,"Alex Kemp","Dak Prescott","Jimmy Garoppolo",0,"Sun","San Francisco 49ers","Dallas Cowboys",26.6,17.2,403.9,305,25.4,21.9,367.9,304.3,21.3,24.25,-2.95,336.45,354.1,-17.65,45.55,14.4842519685039,15.1842105263158,11.9803149606299,11.4661654135338,"SF",-3
"279","2021_20_BUF_KC","KC","BUF",42,36,6,124,-138,8,7,78,-101,-110,54,-105,-106,"John Hussey","Patrick Mahomes","Josh Allen",1,"Sun","Buffalo Bills","Kansas City Chiefs",30.6,25.3,440.6,353.9,28.4,14.4,376.3,347.8,26.85,22.5,4.35,365.1,394.2,-29.1,49.35,13.25,14.3986928104575,12.2464788732394,11.5653594771242,"KC",-2.5
"280","2021_20_CIN_TEN","TEN","CIN",16,19,-3,170,-191,7,13,35,-109,-102,48.5,-102,-110,"Clete Blakeman","Ryan Tannehill","Joe Burrow",0,"Sat","Cincinnati Bengals","Tennessee Titans",26.3,25.4,367.8,364,27.6,18.3,398.2,296.7,26.5,22.3,4.2,381.1,332.25,48.85,48.8,14.4275362318841,13.9847908745247,10.75,13.8403041825095,"CIN",-4
"281","2021_20_LA_TB","TB","LA",27,30,-3,131,-145,6,7,57,108,-121,48,-102,-109,"Shawn Hochuli","Tom Brady","Matthew Stafford",0,"Sun","Los Angeles Rams","Tampa Bay Buccaneers",27.2,24,395.8,317,26.4,19.5,364.9,315.3,25.2,23.35,1.85,340.95,355.55,-14.6,48.55,13.8219696969697,14.5514705882353,11.9431818181818,11.6544117647059,"LA",-2.5
"282","2021_20_SF_GB","GB","SF",10,13,-3,228,-261,6,13,23,102,-114,47,-104,-107,"Ron Torbert","Aaron Rodgers","Jimmy Garoppolo",0,"Sat","San Francisco 49ers","Green Bay Packers",22.8,23.3,355,364.3,25.4,21.9,367.9,304.3,24.35,22.35,2,366.1,329.65,36.45,46.7,14.4842519685039,15.5701754385965,11.9803149606299,15.9780701754386,"SF",-5.5
"283","2021_21_CIN_KC","KC","CIN",24,27,-3,250,-320,8,7,51,-105,-115,54.5,-110,-110,"Bill Vinovich","Patrick Mahomes","Joe Burrow",1,"Sun","Cincinnati Bengals","Kansas City Chiefs",30.6,25.3,440.6,353.9,27.6,18.3,398.2,296.7,26.45,24.45,2,376.05,368.65,7.39999999999998,50.9,14.4275362318841,14.3986928104575,10.75,11.5653594771242,"CIN",-7
"284","2021_21_SF_LA","LA","SF",20,17,3,155,-180,8,7,37,-110,-110,45.5,-105,-115,"Carl Cheffers","Matthew Stafford","Jimmy Garoppolo",0,"Sun","San Francisco 49ers","Los Angeles Rams",27.7,23.3,382.3,355,25.4,21.9,367.9,304.3,24.35,24.8,-0.449999999999996,361.45,343.3,18.15,49.15,14.4842519685039,13.8014440433213,11.9803149606299,12.8158844765343,"LA",-3.5
"285","2021_22_LA_CIN","CIN","LA",20,23,-3,-190,160,14,14,43,-110,-110,48.5,-110,-110,"Ron Torbert","Joe Burrow","Matthew Stafford",0,"Sun","Los Angeles Rams","Cincinnati Bengals",25.1,22.1,316.4,360.6,26.4,19.5,364.9,315.3,24.25,22.3,1.95,362.75,315.85,46.9,46.55,13.8219696969697,12.605577689243,11.9431818181818,14.3665338645418,"LA",4.5
